,link,class
0,https://www.reddit.com/r/antiwork/comments/39l6fp/temp_hides_fun_fulfilling_life_from_rest_of_office/,0
1,https://www.reddit.com/r/antiwork/comments/4l6zjo/your_life_is_wasted//,1
2,https://www.reddit.com/r/antiwork/comments/3cbv5q/study_many_admit_to_drinking_doing_drugs_while/,1
3,https://www.reddit.com/r/antiwork/comments/3omed5/you_have_to_work_100_hours_a_week_to_get_by_on/,1
4,https://www.reddit.com/r/antiwork/comments/2twexa/some_advice_for_john_dishwasher_abolishworkcom/,1
5,https://www.reddit.com/r/antiwork/comments/3u8c8t/the_cias_wwii_guide_to_creating_organizational/,1
6,https://www.reddit.com/r/antiwork/comments/351qkm/the_essential_antiwork_library//,2
7,https://www.reddit.com/r/antiwork/comments/3auv1l/disabled_workers_forced_to_take_unfit_jobs/,1
8,https://www.reddit.com/r/antiwork/comments/4og00w/how_insane_work_hours_became_a_mark_of_american/,1
9,https://www.reddit.com/r/antiwork/comments/4eaw1n/for_staff_on_naked_and_afraid_work_is_just_a_blur/,1
10,https://www.reddit.com/r/antiwork/comments/6madbu/by_ae_housman/,2
11,https://www.reddit.com/r/antiwork/comments/6qhuf8/crack_capitalism_john_holloway/,1
12,https://www.reddit.com/r/antiwork/comments/5sx2yy/is_it_bad_that_ive_never_had_a_real_job_at_19/,3
13,https://www.reddit.com/r/antiwork/comments/5taer5/contra_musk_there_are_other_futures_besides_a_ubi/,1
14,https://www.reddit.com/r/antiwork/comments/5uf2m2/the_precariatisation_of_work/,1
15,https://www.reddit.com/r/antiwork/comments/5x39ib/productive_employment/,4
16,https://www.reddit.com/r/antiwork/comments/7dmhbf/i_work_my_dreams_off_for_two_bits_of_ravioli_and/,5
17,https://www.reddit.com/r/antiwork/comments/934ovo/the_abolition_of_work/,6
18,https://www.reddit.com/r/antiwork/comments/9y8dtf/work_is_combat/,11
19,https://www.reddit.com/r/antiwork/comments/a66fnu/worth_the_watch_i_know_you_guys_probably_seen_it/,8
20,https://www.reddit.com/r/antiwork/comments/k0uqen/laziness_is_a_concept_created_by_those_who_depend/,12
21,https://www.reddit.com/r/antiwork/comments/kqg1tm/engergized_100x/,4
22,https://www.reddit.com/r/antiwork/comments/oopcs4/the_excel_formula/,4
23,https://www.reddit.com/r/antiwork/comments/pj8zzj/a_day_of_life_in_a_resource_based_economy//,6
24,https://www.reddit.com/r/antiwork/comments/qeiecv/prior_military/,9
25,https://www.reddit.com/r/antiwork/comments/r6m8wf/its_beginning_to_look_a_lot_like_fck_this/,4
26,https://www.reddit.com/r/antiwork/comments/23mxql/thunderclap_mayday_we_need_basic_income/,1
27,https://www.reddit.com/r/antiwork/comments/22cwpv/xpost_we_should_do_away_with_the_absolutely/,2
28,https://www.reddit.com/r/antiwork/comments/26scmw/the_average_officer_worker_will_spend_three/,1
29,https://www.reddit.com/r/antiwork/comments/271alq/the_right_to_be_lazy_paul_lafargue/,1
30,https://www.reddit.com/r/antiwork/comments/2bn733/where_is_my_mind_manifesto/,1
31,https://www.reddit.com/r/antiwork/comments/27zpfq/on_the_clock_how_american_workers_waste_time_at/,1
32,https://www.reddit.com/r/antiwork/comments/2nnptw/documentary_with_some_great_ideas_on_antiwork/,6
33,https://www.reddit.com/r/antiwork/comments/1ze3vs/introduction_to_the_first_issue_of_zerowork_in/,1
34,https://www.reddit.com/r/antiwork/comments/1ujb7e/chains_a_short_film_about_work/,6
35,https://www.reddit.com/r/antiwork/comments/1ww0fh/why_we_should_be_working_less/,1
36,https://www.reddit.com/r/antiwork/comments/3602nw/onethird_of_workers_steal_time_at_work_survey_says/,1
37,https://www.reddit.com/r/antiwork/comments/3s21mw/laidback_company_allows_employees_to_work_from/,0
38,https://www.reddit.com/r/antiwork/comments/2x4kca/jobs_are_jails/,2
39,https://www.reddit.com/r/antiwork/comments/3bbjhf/the_case_for_the_32hour_workweek_6_min_video/,6
40,https://www.reddit.com/r/antiwork/comments/3brqn5/technological_unemployment_and_personal_wellbeing/,1
41,https://www.reddit.com/r/antiwork/comments/3qkl8b/women_should_lounge_on_sofa_after_work_study/,1
42,https://www.reddit.com/r/antiwork/comments/2td57o/antiwork_a_radical_shift_in_how_we_view_jobs/,1
43,https://www.reddit.com/r/antiwork/comments/30nx4z/the_sacrifices_we_make_for_work/,1
44,https://www.reddit.com/r/antiwork/comments/3nhovc/woman_admits_to_starting_wildfire_because/,1
45,https://www.reddit.com/r/antiwork/comments/3ygm9p/lets_live_more_and_work_less_in_2016/,1
46,https://www.reddit.com/r/antiwork/comments/4p95a6/noam_chomsky_wage_slavery_600/,6
47,https://www.reddit.com/r/antiwork/comments/arbn9i/im_wondering_how_many_people_here_are_on_the/,9
48,https://www.reddit.com/r/antiwork/comments/dahamp/against_dystopia_imagining_a_better_world/,1
49,https://www.reddit.com/r/antiwork/comments/fwmjp1/for_those_of_us_who_dont_file_or_cant_file_taxes/,2
50,https://www.reddit.com/r/antiwork/comments/m1jgg9/they_only_give_me_an_hour_for_lunch_damned_if_im/,4
51,https://www.reddit.com/r/antiwork/comments/n21rum/shower_thought_this_sub_is_more_antijob_than/,10
52,https://www.reddit.com/r/antiwork/comments/qx3jfr/even_the_newspaper_comics_get_it_todays_pearls/,4
53,https://www.reddit.com/r/antiwork/comments/58up1i/yes_you_can_actually_work_yourself_to_death_but/,1
54,https://www.reddit.com/r/antiwork/comments/49gguq/joaqu%C3%ADn_garc%C3%ADa_is_my_hero/,1
55,https://www.reddit.com/r/antiwork/comments/5eepkt/watch_fired_truck_driver_dumped_load_of_corn_onto/,1
56,https://www.reddit.com/r/antiwork/comments/56mkyg/what_are_some_of_the_key_concepts_of_antiwork/,3
57,https://www.reddit.com/r/antiwork/comments/4cc9u3/douchey_rich_kid_filmed_being_horribly_abusive_to/,1
58,https://www.reddit.com/r/antiwork/comments/9fraen/contrarian_forget_worklife_balance_work_is_life/,1
59,https://www.reddit.com/r/antiwork/comments/a1khdg/we_werent_made_for_endless_work/,1
60,https://www.reddit.com/r/antiwork/comments/ahcvoj/time_to_talk_about_jobs//,8
61,https://www.reddit.com/r/antiwork/comments/bouojr/how_do_you_make_income_unemployed/,3
62,https://www.reddit.com/r/antiwork/comments/cogf46/yikes/,12
63,https://www.reddit.com/r/antiwork/comments/d65eyp/social_media_survivalist_dont_do_page_4/,12
64,https://www.reddit.com/r/antiwork/comments/fhd4uh/why_do_people_assume_just_because_you_love_a/,3
65,https://www.reddit.com/r/antiwork/comments/qc2k74/why_is_every_post_in_here_like_this_now_and/,4
66,https://www.reddit.com/r/antiwork/comments/72ay46/the_shorter_your_sleep_the_shorter_your_life_the/,1
67,https://www.reddit.com/r/antiwork/comments/7pvzgw/strategies_against_work_or_how_to_stop_worrying/,1
68,https://www.reddit.com/r/antiwork/comments/9krsuv/chris_rock_minimum_wage/,8
69,https://www.reddit.com/r/antiwork/comments/9rj9a9/just_a_random_thought_but_i_just_really_wish/,11
70,https://www.reddit.com/r/antiwork/comments/anw96u/the_fauves_ill_work_when_im_dead_song/,6
71,https://www.reddit.com/r/antiwork/comments/au0c7c/facts/,4
72,https://www.reddit.com/r/antiwork/comments/d1o0z4/i_have_a_good_job_but_still_hate_it/,11
73,https://www.reddit.com/r/antiwork/comments/gedii1/i_want_to_get_fired_from_my_bad_job_but_work/,9
74,https://www.reddit.com/r/antiwork/comments/h0s8sr/i_think_im_going_to_quit_my_job/,9
75,https://www.reddit.com/r/antiwork/comments/m0lvys/when_you_realize_is_monday_noon_and_you_still/,4
76,https://www.reddit.com/r/antiwork/comments/ps70w2/boss_passivelyaggressively_threatens_that_id_be/,9
77,https://www.reddit.com/r/antiwork/comments/mkp2o2/i_quit_my_high_paying_200k_tech_job/,9
78,https://www.reddit.com/r/antiwork/comments/qfr3u8/when_it_takes_over_a_month_and_a_half_to_get_paid/,7
79,https://www.reddit.com/r/antiwork/comments/qrlbpk/quit_my_job_monday/,9
80,https://www.reddit.com/r/antiwork/comments/qt1rfu/cnn_covered_what_they_call_the_great_resignation/,1
81,https://www.reddit.com/r/antiwork/comments/qz7j14/where_did_i_go_wrong/,10
82,https://www.reddit.com/r/antiwork/comments/r1mavi/after_being_promised_2_promotions_not_getting/,9
83,https://www.reddit.com/r/antiwork/comments/r8a302/working_at_amazon_south_park_clip/,8
84,https://www.reddit.com/r/antiwork/comments/rmzztc/pyramid_of_the_feudal_system/,4
85,https://www.reddit.com/r/antiwork/comments/rsspch/unpopular_opinion_this_sub_is_becoming_a/,10
86,https://www.reddit.com/r/antiwork/comments/s5gbel/it_do_be_like_that/,12
87,https://www.reddit.com/r/antiwork/comments/s8uv68/bus_driver_shortage_causing_changes_in_schools/,2
88,https://www.reddit.com/r/antiwork/comments/sanfj8/antiemployee_tommys_tavern_and_tap_avoids_a/,7
89,https://www.reddit.com/r/antiwork/comments/sciwo1/working_on_your_lunch_break/,9
90,https://www.reddit.com/r/antiwork/comments/334wf2/the_machines_are_coming_xpost_rtzm/,1
91,https://www.reddit.com/r/antiwork/comments/b9n5gt/xpost_rblackpeopletwitter_the_bourgeoisie_are_the/,12
92,https://www.reddit.com/r/antiwork/comments/cqvcnt/the_voodoo_you_can_do_vs_resistance_that_matters/,1
93,https://www.reddit.com/r/antiwork/comments/e16d9f/google_hires_firm_known_for_antiunion_efforts/,1
94,https://www.reddit.com/r/antiwork/comments/fltek7/the_brainwashing_machine/,4
95,https://www.reddit.com/r/antiwork/comments/p9fezu/nytimes_work_is_a_false_idol/,1
96,https://www.reddit.com/r/antiwork/comments/qf3cee/quit_my_toxic_job_this_week/,9
97,https://www.reddit.com/r/antiwork/comments/qd5at6/political_consideration_and_labels/,11
98,https://www.reddit.com/r/antiwork/comments/qukmmo/should_i_resign_from_my_job//,9
99,https://www.reddit.com/r/antiwork/comments/qx4l19/accurate/,4
100,https://www.reddit.com/r/antiwork/comments/rgk53d/am_i_being_unethical_need_help/,9
101,https://www.reddit.com/r/antiwork/comments/rp8gs9/so_minimum_wage_plus_tips_is_it/,7
102,https://www.reddit.com/r/antiwork/comments/ra6a9e/saw_this_picture_on_twitter_translating_it_into/,7
103,https://www.reddit.com/r/antiwork/comments/s92913/please_help_me_i_do_not_know_what_to_do//,3
104,https://www.reddit.com/r/antiwork/comments/s8fram/my_employer_is_trying_to_force_me_to_take_out/,9
105,https://www.reddit.com/r/antiwork/comments/42mdmx/boss_wants_friendly_relaxed_company_culture_in/,0
106,https://www.reddit.com/r/antiwork/comments/g3tst5/why_the_rush_for_everybody_to_go_back_to_work/,3
107,https://www.reddit.com/r/antiwork/comments/p1w6he/tiktok_on_point_today/,8
108,https://www.reddit.com/r/antiwork/comments/puadxz/existential_dread/,4
109,https://www.reddit.com/r/antiwork/comments/q7fwbd/appreciation_vs_compensation/,3
110,https://www.reddit.com/r/antiwork/comments/qp4197/too_many_jobs_feel_meaningless_because_they_are/,1
111,https://www.reddit.com/r/antiwork/comments/r734ek/stress_and_financial_decision_making_survey_us_18/,2
112,https://www.reddit.com/r/antiwork/comments/pzwwnj/recent_sweat_pledge_my_wife_was_asked_to_sign/,7
113,https://www.reddit.com/r/antiwork/comments/rheo9z/ibe_about_had_it_with_this_job/,9
114,https://www.reddit.com/r/antiwork/comments/rhf1wo/merry_christmas/,7
115,https://www.reddit.com/r/antiwork/comments/rg59fv/pov_trying_to_explain_to_bezos_what_happened/,4
116,https://www.reddit.com/r/antiwork/comments/rnblyh/my_fianc√©s_company_is_having_him_work_for_almost/,9
117,https://www.reddit.com/r/antiwork/comments/drajbh/woman_arrested_for_defecating_on_boss_desk_after/,1
118,https://www.reddit.com/r/antiwork/comments/s26lma/in_light_of_recent_media_coverage_does_rantiwork/,10
119,https://www.reddit.com/r/antiwork/comments/ge8rao/amazon_vp_tim_brays_resignation_letter_may_1st/,6
120,https://www.reddit.com/r/antiwork/comments/hnihc4/you_have_literally_been_programmed_to_work_a/,11
121,https://www.reddit.com/r/antiwork/comments/hskr4y/if_youre_not_angry_youre_not_paying_attention/,12
122,https://www.reddit.com/r/antiwork/comments/ionajp/thats_life_now_i_guess/,4
123,https://www.reddit.com/r/antiwork/comments/oaaofm/remote_help_desk_is_leading_me_to_sucidal/,9
124,https://www.reddit.com/r/antiwork/comments/p2hfc3/ladies_how_do_you_keep_a_positive_relationship/,3
125,https://www.reddit.com/r/antiwork/comments/pzr7lz/where_have_all_the_workers_gone_lol/,3
126,https://www.reddit.com/r/antiwork/comments/q5t7oh/anti_workers_who_are_in_management_how_do_you/,3
127,https://www.reddit.com/r/antiwork/comments/r0xx68/this_sub_be_like/,8
128,https://www.reddit.com/r/antiwork/comments/rg3fpr/just_a_friendly_reminder_why_we_all_here_if_you/,5
129,https://www.reddit.com/r/antiwork/comments/rbdo8x/asshole_incompetent_manager_at_my_old_job_got/,9
130,https://www.reddit.com/r/antiwork/comments/rejd38/the_big_question_is_the_world_of_work_forever/,1
131,https://www.reddit.com/r/antiwork/comments/rjen1s/i_am_posting_this_on_twitter_up_and_down_the/,11
132,https://www.reddit.com/r/antiwork/comments/rzx9uk/hiring_firms_are_reluctant_to_sign_on_new/,9
133,https://www.reddit.com/r/antiwork/comments/rb72o1/kellogg_to_permanently_replace_striking_workers/,1
134,https://www.reddit.com/r/antiwork/comments/scxj06/antiwork_is_anticorruption/,11
135,https://www.reddit.com/r/antiwork/comments/shhq4o/anti_union_jobs_in_the_us/,9
136,https://www.reddit.com/r/antiwork/comments/36bhf2/rsa_david_graeber_on_a_fair_future_economy_xpost/,1
137,https://www.reddit.com/r/antiwork/comments/omt5he/im_pretty_sure_it_more_has_to_do_with_the_shit/,13
138,https://www.reddit.com/r/antiwork/comments/oym5kq/what_jobs_can_i_do_at_home_while_being_left_alone/,3
139,https://www.reddit.com/r/antiwork/comments/qesluw/maybe_treat_your_employees_better_cvs/,7
140,https://www.reddit.com/r/antiwork/comments/qfemnf/good_job_everyone/,13
141,https://www.reddit.com/r/antiwork/comments/qgaxiv/whats_the_best_country_to_work_in/,3
142,https://www.reddit.com/r/antiwork/comments/qly1ws/i_got_a_negative_mark_on_my_annual_review_for/,9
143,https://www.reddit.com/r/antiwork/comments/qt977n/americans_are_quitting_their_jobs_heres_why_thats/,1
144,https://www.reddit.com/r/antiwork/comments/res0gb/wage_theft_deportation_threats_defamation_suits/,1
145,https://www.reddit.com/r/antiwork/comments/rk99y2/just_got_rejected_from_a_job_because_i_wasnt_as/,9
146,https://www.reddit.com/r/antiwork/comments/rwjod9/how_do_yall_feel_about_living_in_an_apartment_i/,9
147,https://www.reddit.com/r/antiwork/comments/s326da/repeat_after_me/,8
148,https://www.reddit.com/r/antiwork/comments/rard1n/we_fought_for_15hour_when_these_were_a_dollar/,7
149,https://www.reddit.com/r/antiwork/comments/1ze3vs/introduction_to_the_first_issue_of_zerowork_in/,1
150,https://www.reddit.com/r/antiwork/comments/efx0w2/having_days_off_gave_me_a_work_nightmare/,9
151,https://www.reddit.com/r/antiwork/comments/i4kmv3/hoo_let_the_dogs_out/,4
152,https://www.reddit.com/r/antiwork/comments/juxxs9/what_the_actual_fuck/,7
153,https://www.reddit.com/r/antiwork/comments/phsjji/such_a_nice_guy/,4
154,https://www.reddit.com/r/antiwork/comments/qip40z/whats_the_reason_for_a_job_to_hold_your_first/,3
155,https://www.reddit.com/r/antiwork/comments/rei3nz/i_think_if_antiwork_had_a_theme_it_should_be_this/,5
156,https://www.reddit.com/r/antiwork/comments/rgn4yt/kellogs_question/,3
157,https://www.reddit.com/r/antiwork/comments/rh42vc/they_took_the_kellogg_branding_off_the_poptarts/,7
158,https://www.reddit.com/r/antiwork/comments/rlltlo/the_truth_about_landlords/,4
159,https://www.reddit.com/r/antiwork/comments/rnvho6/i_feel_like_this_would_be_unfair_to_the_other/,7
160,https://www.reddit.com/r/antiwork/comments/rs4seh/antiwork_or_do_you_just_have_a_shitty_bosswork/,10
161,https://www.reddit.com/r/antiwork/comments/rumehk/work_life_balance_and_salary_after_graduate_school/,3
162,https://www.reddit.com/r/antiwork/comments/rtu2si/examples_of_antiunion_and_prowork_rhetoric_in/,11
163,https://www.reddit.com/r/antiwork/comments/rukvwl/we_outnumber_the_greedy_overlords_the_35_rule_has/,12
164,https://www.reddit.com/r/antiwork/comments/s79lkj/that_time_my_old_boss_made_a_grand_show_of_giving/,9
165,https://www.reddit.com/r/antiwork/comments/s8yk38/not_really_antiwork_but_d_o_g/,15
166,https://www.reddit.com/r/antiwork/comments/emxbnn/when_youre_bored_at_work_and_a_boss_thinks_youre/,9
167,https://www.reddit.com/r/antiwork/comments/j0xic2/your_face_fam/,4
168,https://www.reddit.com/r/antiwork/comments/jbihe8/ok_what_if_we_all_pool_our_collective_minds_and/,11
169,https://www.reddit.com/r/antiwork/comments/jmxj4e/is_there_any_preparation_i_need_to_do_when_i_go/,3
170,https://www.reddit.com/r/antiwork/comments/k7xbpd/company_mistreats_and_takes_advantage_of_us_now/,9
171,https://www.reddit.com/r/antiwork/comments/kwgd6u/this_fucking_shit/,2
172,https://www.reddit.com/r/antiwork/comments/nk1t22/called_out_of_work_today_and_i_wasnt_sick/,9
173,https://www.reddit.com/r/antiwork/comments/nyogfu/i_found_this_lovely_comment_on_a_recommended_wsj/,7
174,https://www.reddit.com/r/antiwork/comments/oa2vzw/work_family_i_hate_it/,16
175,https://www.reddit.com/r/antiwork/comments/oawd0l/pretty_much_yeah/,12
176,https://www.reddit.com/r/antiwork/comments/ox3z92/wage_shortage_is_a_matter/,12
177,https://www.reddit.com/r/antiwork/comments/qddxqv/2_hours_late/,4
178,https://www.reddit.com/r/antiwork/comments/qnk1uu/i_did_it_i_quit_to_pursue_my_personal_passion_was/,7
179,https://www.reddit.com/r/antiwork/comments/qob0vr/has_anyone_noticed_this_sub_not_showing_up_on/,3
180,https://www.reddit.com/r/antiwork/comments/qtlaa2/okay_o_rectify_things_blame_is_not_necessary_but/,12
181,https://www.reddit.com/r/antiwork/comments/r1etgm/to_the_moderators_here_rlostgeneration_probably/,7
182,https://www.reddit.com/r/antiwork/comments/r4ik8t/whats_the_minimum_wage_where_you_are_located/,3
183,https://www.reddit.com/r/antiwork/comments/mfo93e/meirl/,4
184,https://www.reddit.com/r/antiwork/comments/o6wxnw/there_has_to_be_more_to_life_than_working_a_9_to_5/,9
185,https://www.reddit.com/r/antiwork/comments/opgouu/my_employer_was_screwing_me_out_of_overtime_pay/,9
186,https://www.reddit.com/r/antiwork/comments/q5htk8/wilde_deeply_cared_about_the_plight_of_the/,2
187,https://www.reddit.com/r/antiwork/comments/qjd3i6/black_friday_protest/,3
188,https://www.reddit.com/r/antiwork/comments/qm3sl6/the_fact_that_this_an_an_advertising_point/,7
189,https://www.reddit.com/r/antiwork/comments/qn3lqh/employers_just_want_to_pay_a_living_wage_to/,12
190,https://www.reddit.com/r/antiwork/comments/qmye2k/fuck_walmart/,7
191,https://www.reddit.com/r/antiwork/comments/qstlwv/my_boss_told_me_to_resign_because_i_was_in/,9
192,https://www.reddit.com/r/antiwork/comments/r1lqob/is_this_it_do_i_even_have_any_options_besides/,9
193,https://www.reddit.com/r/antiwork/comments/r3alhn/for_those_who_support_unions/,12
194,https://www.reddit.com/r/antiwork/comments/rehwsj/action_against_amazon/,11
195,https://www.reddit.com/r/antiwork/comments/riq7bv/minimal_job_descriptions_waste_everyones_time/,9
196,https://www.reddit.com/r/antiwork/comments/rqw0v8/another_victim_of_the_great_resignation/,2
197,https://www.reddit.com/r/antiwork/comments/s1fubd/titus_herman_ceo_of_southeastern_guide_dogs_was/,7
198,https://www.reddit.com/r/antiwork/comments/s3dgfl/employment_contracts/,3
199,https://www.reddit.com/r/antiwork/comments/sbh6er/rantiwork_so_hot_right_now/,4
200,https://www.reddit.com/r/antiwork/comments/s91kj2/i_cofounded_a_worker_cooperative_ama/,2
201,https://www.reddit.com/r/antiwork/comments/ettqqb/honesty_logic/,11
202,https://www.reddit.com/r/antiwork/comments/j3sevk/linkedin_motivation/,16
203,https://www.reddit.com/r/antiwork/comments/n2juod/if_i_knew_work_would_be_like_this_i_would_have/,9
204,https://www.reddit.com/r/antiwork/comments/pz9dko/how_to_do_cope_with_meaningless_work/,9
205,https://www.reddit.com/r/antiwork/comments/qac3jl/terrible_job_listing_found_on_glassdoor/,15
206,https://www.reddit.com/r/antiwork/comments/qhtyhf/feeling_so_low_lately/,9
207,https://www.reddit.com/r/antiwork/comments/qov3bz/why_i_quit_last_year/,9
208,https://www.reddit.com/r/antiwork/comments/r6m3mx/anything_besides_giving_raises_am_i_right_oh_btw/,7
209,https://www.reddit.com/r/antiwork/comments/ry9t26/indian_vs_european_mentality_same_company_same/,7
210,https://www.reddit.com/r/antiwork/comments/rxmxl7/on_the_bright_side_at_least_some_places_to_live/,4
211,https://www.reddit.com/r/antiwork/comments/r8plov/just_a_reminder_that_there_is_a_sitting_supreme/,12
212,https://www.reddit.com/r/antiwork/comments/s73mcf/might_not_be_the_right_place_to_ask_but_my/,3
213,https://www.reddit.com/r/antiwork/comments/seunuk/aint_that_the_truth/,12
214,https://www.reddit.com/r/antiwork/comments/ak98cz/i_dislike_working_consistently_fail_at_job_seeking/,9
215,https://www.reddit.com/r/antiwork/comments/bzis7c/lunch_boxes/,9
216,https://www.reddit.com/r/antiwork/comments/cocyqe/spoiler_alert_your_boss_loves_ice/,4
217,https://www.reddit.com/r/antiwork/comments/eb6r1f/im_ready_to_get_out_by_any_means_necessary_am_i/,9
218,https://www.reddit.com/r/antiwork/comments/odxw0l/average_canadian_vs_monkey_lord/,4
219,https://www.reddit.com/r/antiwork/comments/omkz0x/my_boss_put_up_this_sign_yesterday_and_it_made_me/,7
220,https://www.reddit.com/r/antiwork/comments/ora66q/anticapitalist_revelations/,11
221,https://www.reddit.com/r/antiwork/comments/qj6h17/tax_the_rich/,12
222,https://www.reddit.com/r/antiwork/comments/qikx9u/a_couple_questions/,3
223,https://www.reddit.com/r/antiwork/comments/qlbekw/exposinglegal_wage_theft_at_firebirds_wood_fired//,9
224,https://www.reddit.com/r/antiwork/comments/qmzvxi/i_have_a_confession/,9
225,https://www.reddit.com/r/antiwork/comments/q8n726/i_work_as_a_caretaker_for_adults_with/,3
226,https://www.reddit.com/r/antiwork/comments/qzz1x1/recruiter_didnt_show_up_to_our_interview/,9
227,https://www.reddit.com/r/antiwork/comments/r5x9kx/what_to_say_during_an_exit_meeting/,2
228,https://www.reddit.com/r/antiwork/comments/rnyobl/how_does_capitalism_work/,3
229,https://www.reddit.com/r/antiwork/comments/rhihin/struggling_to_function_in_a_normal_schedule_is/,11
230,https://www.reddit.com/r/antiwork/comments/rxjkba/this_sub_has_blown_up_with_fake_texts_and/,10
231,https://www.reddit.com/r/antiwork/comments/rwmrt6/but_nobody_wants_to_work_private_payrolls_added/,11
232,https://www.reddit.com/r/antiwork/comments/s1o178/does_a_safety_job_exist_anymore/,3
233,https://www.reddit.com/r/antiwork/comments/sdc897/lets_do_this_fight_back_get_our_freedom_back_lets/,14
234,https://www.reddit.com/r/antiwork/comments/rco5tz/need_advice_on_how_to_move_forward/,9
235,https://www.reddit.com/r/antiwork/comments/dvlqhx/a_work_from_home_day_for_office_jobs_should_be/,11
236,https://www.reddit.com/r/antiwork/comments/e1tbc8/job_application_is_asking_me_if_i_have_a_vacation/,3
237,https://www.reddit.com/r/antiwork/comments/ik5l4g/someone_in_another_department_asked_if_i_liked_my/,9
238,https://www.reddit.com/r/antiwork/comments/jwk2xo/covid_bad_performance/,9
239,https://www.reddit.com/r/antiwork/comments/omjks9/torturing_ourselves_by_staying_in_jobs_we_loathe/,9
240,https://www.reddit.com/r/antiwork/comments/qhob2w/call_center_in_agusta_georgia/,7
241,https://www.reddit.com/r/antiwork/comments/qnss4d/my_friend_quit_his_job_and_wants_his_money/,9
242,https://www.reddit.com/r/antiwork/comments/qodenh/ex_employer_refusing_to_give_me_my_last_patcheque/,9
243,https://www.reddit.com/r/antiwork/comments/quouxe/new_flyer_i_made_for_the_black_friday_boycott/,14
244,https://www.reddit.com/r/antiwork/comments/qw5fqk/stop_purchasing_anything_that_isnt_a_necessity/,14
245,https://www.reddit.com/r/antiwork/comments/qwwmwv/please_read_me_what_is_a_good_career_that_gives/,3
246,https://www.reddit.com/r/antiwork/comments/qxjdxc/we_need_solidarity_like_this_we_are_here_to_help/,16
247,https://www.reddit.com/r/antiwork/comments/qy1vaf/why_wont_companies_compensate_for_required//,9
248,https://www.reddit.com/r/antiwork/comments/ri7wcg/work_from_home_company_now_requiring_camera_due/,3
249,https://www.reddit.com/r/antiwork/comments/rhajcl/i_think_i_have_an_idea_of_how_to_take_our/,11
250,https://www.reddit.com/r/antiwork/comments/rm7sq0/coworker_going_through_liquid_chemotherapy_needs/,9
251,https://www.reddit.com/r/antiwork/comments/rvjr38/tell_me_im_wrong_tell_me_im_wrong/,4
252,https://www.reddit.com/r/antiwork/comments/rx9wgd/my_first_full_time_job/,9
253,https://www.reddit.com/r/antiwork/comments/s0l4bg/the_strange_hiring_environment/,11
254,https://www.reddit.com/r/antiwork/comments/kurlkh/it_fucking_sucks_to_be_the_only_employee_with/,9
255,https://www.reddit.com/r/antiwork/comments/lsyi3g/why_is_there_so_much_shamejudgement_around_taking/,3
256,https://www.reddit.com/r/antiwork/comments/n24woy/how_dare_these_teenagers_not_provide_me_free_labor/,7
257,https://www.reddit.com/r/antiwork/comments/p68f30/got_laid_off_and_pretty_happy_about_it/,9
258,https://www.reddit.com/r/antiwork/comments/qeoodm/they_dont_care_about_you/,4
259,https://www.reddit.com/r/antiwork/comments/qqsh90/software_dev_job_in_the_uk_wants_a_bachelors/,15
260,https://www.reddit.com/r/antiwork/comments/qu70o8/why_we_need_to_lower_living_costs_and_not_raise/,11
261,https://www.reddit.com/r/antiwork/comments/qus1re/fired_for_no_reason/,9
262,https://www.reddit.com/r/antiwork/comments/qu6e83/last_few_days_at_work/,9
263,https://www.reddit.com/r/antiwork/comments/qzou98/militarized_scabs/,13
264,https://www.reddit.com/r/antiwork/comments/rmknmg/okay_i_know_that_there_are_god_awful_companies/,3
265,https://www.reddit.com/r/antiwork/comments/s6vabk/dress_code_guide_for_retail_and_stocking_only_has/,9
266,https://www.reddit.com/r/antiwork/comments/rzro8c/apathy_kills/,14
267,https://www.reddit.com/r/antiwork/comments/s3a8oc/whats_the_most_insane_thing_your_manager_has_ever/,3
268,https://www.reddit.com/r/antiwork/comments/rbisbt/is_there_an_organization_medium/,3
269,https://www.reddit.com/r/antiwork/comments/s9rp03/there_is_a_possible_union_strike_for_teachers_in/,3
270,https://www.reddit.com/r/antiwork/comments/sc7gff/152_hours_in_two_weeks_check_was_nice_do_not/,7
271,https://www.reddit.com/r/antiwork/comments/sbr40p/can_anyone_help_me_determine_if_what_my_soon_to/,3
272,https://www.reddit.com/r/antiwork/comments/setv8a/no_i_dont_need_to_work/,7
273,https://www.reddit.com/r/antiwork/comments/dwgv1n/what_are_you_guys_doing_to_get_out_of_being_a/,3
274,https://www.reddit.com/r/antiwork/comments/gsw9v3/short_story_oc_2020tw_glamorizing_violence/,11
275,https://www.reddit.com/r/antiwork/comments/h9m1fb/why_do_my_coworkers_insist_on_talking_to_me_about/,3
276,https://www.reddit.com/r/antiwork/comments/m2hloy/anybody_else_just_feel_down_sometimes_thinking/,9
277,https://www.reddit.com/r/antiwork/comments/n23z7j/my_thoughts_every_morning/,4
278,https://www.reddit.com/r/antiwork/comments/ngl73i/dont_have_to_get_up_in_the_morning_if_michael/,7
279,https://www.reddit.com/r/antiwork/comments/p8t23h/crosspost_from_ems_vending_machine_supplier_at_my/,7
280,https://www.reddit.com/r/antiwork/comments/pg327b/gaming_the_metrics_at_work_to_do_nothing/,9
281,https://www.reddit.com/r/antiwork/comments/qciya2/remember_this_about_minimum_wage/,4
282,https://www.reddit.com/r/antiwork/comments/qrx8i9/gross_no_thanks_im_not_signing_up_for_marketing/,7
283,https://www.reddit.com/r/antiwork/comments/qt39ww/when_even_a_degree_doesnt_guarantee_a_better_job/,12
284,https://www.reddit.com/r/antiwork/comments/qtc8jo/me_the_punching_bag/,9
285,https://www.reddit.com/r/antiwork/comments/qxiunw/they_just_dont_get_it/,7
286,https://www.reddit.com/r/antiwork/comments/r6g13j/as_a_business_owner_i_have_some_questions_if_any/,3
287,https://www.reddit.com/r/antiwork/comments/r47ws7/do_employers_really_just_not_give_a_shit/,3
288,https://www.reddit.com/r/antiwork/comments/rl4hpo/is_it_just_me_or_are_customers_losing_their/,3
289,https://www.reddit.com/r/antiwork/comments/rk5n68/dont_risk_your_live_for_work/,11
290,https://www.reddit.com/r/antiwork/comments/rl912n/not_only_hungry_but_theyre_planning_for_us_to_be/,13
291,https://www.reddit.com/r/antiwork/comments/rljf5j/get_bent_brian/,4
292,https://www.reddit.com/r/antiwork/comments/rppowt/im_starting_a_business_and_would_like_advice_on/,3
293,https://www.reddit.com/r/antiwork/comments/rqwh0f/a_message_to_all_employers/,11
294,https://www.reddit.com/r/antiwork/comments/rc1gyf/this_definitely_makes_up_for_the_toxic_work/,7
295,https://www.reddit.com/r/antiwork/comments/q1j2hb/just_get_a_job/,4
296,https://www.reddit.com/r/antiwork/comments/sec6xc/guess_who_back_back_again_doreens_backtell_your/,4
297,https://www.reddit.com/r/antiwork/comments/sb28nd/what_would_good_work_look_like/,3
298,https://www.reddit.com/r/antiwork/comments/scczjr/typical_bootlicker_response_to_the_financial/,7
299,https://www.reddit.com/r/antiwork/comments/rcunv6/fuck_kelloggs/,7
300,https://www.reddit.com/r/antiwork/comments/awwbxt/i_just_have_to_rant_and_get_this_out_of_me/,9
301,https://www.reddit.com/r/antiwork/comments/feha45/dress_up_like_a_monkey_and_dance_for_the_rich/,11
302,https://www.reddit.com/r/antiwork/comments/hk5jxd/thats_fine_because_i_wont_be_applying_anyways/,16
303,https://www.reddit.com/r/antiwork/comments/kef1i4/my_complaint_box/,9
304,https://www.reddit.com/r/antiwork/comments/p3a1d5/im_hungry/,9
305,https://www.reddit.com/r/antiwork/comments/podmzs/work_hard_and_you_may_be_this_lucky_if_you_dont/,4
306,https://www.reddit.com/r/antiwork/comments/psqfe4/the_work_will_not_save_you_jimmy/,4
307,https://www.reddit.com/r/antiwork/comments/qyil7e/left_a_toxic_job_only_to_find_another_toxic_job/,9
308,https://www.reddit.com/r/antiwork/comments/qyyifw/lpt_if_you_are_in_canada_always_consult_an/,2
309,https://www.reddit.com/r/antiwork/comments/qxuzkz/fuck_linkedin/,2
310,https://www.reddit.com/r/antiwork/comments/r2ujfr/we_unionized/,14
311,https://www.reddit.com/r/antiwork/comments/rm4w0r/is_the_company_i_work_for_commiting_fraud/,3
312,https://www.reddit.com/r/antiwork/comments/r96xqs/parents_expect_me_to_give_in_to_my_employer/,9
313,https://www.reddit.com/r/antiwork/comments/rpjzm6/you_know_what_we_could_useamericans_a/,11
314,https://www.reddit.com/r/antiwork/comments/rbpilv/i_told_my_boss_that_he_should_give_me_a_raise/,2
315,https://www.reddit.com/r/antiwork/comments/s0vr0y/solution_to_planned_obsolescence/,3
316,https://www.reddit.com/r/antiwork/comments/my6swn/coercion/,4
317,https://www.reddit.com/r/antiwork/comments/nan2pi/god_this_sub_is_so_painfully_therapeutic/,9
318,https://www.reddit.com/r/antiwork/comments/omv4gz/i_hate_work_that_is_all/,4
319,https://www.reddit.com/r/antiwork/comments/prywfg/depressed_and_rethinking_my_career_path/,9
320,https://www.reddit.com/r/antiwork/comments/q6n762/on_the_note_of_family_workplace_environments/,9
321,https://www.reddit.com/r/antiwork/comments/r85ep5/check_out_alfie_kohn/,1
322,https://www.reddit.com/r/antiwork/comments/rixa04/i_quit_so_i_could_spend_christmas_break_with_my/,9
323,https://www.reddit.com/r/antiwork/comments/rn4pgv/spotted_at_my_local_grocery_store_this_morning/,7
324,https://www.reddit.com/r/antiwork/comments/rt3aa4/05_raises_to_everyone_who_worked_through_a/,9
325,https://www.reddit.com/r/antiwork/comments/rxw935/risking_your_life_to_get_to_work/,9
326,https://www.reddit.com/r/antiwork/comments/s7198h/good_pocket_change_for_engineering_students_this/,15
327,https://www.reddit.com/r/antiwork/comments/rc3538/how_does_the_anti_work_community_feel_about_small/,3
328,https://www.reddit.com/r/antiwork/comments/sc1ct7/my_grandma_was_screwed/,9
329,https://www.reddit.com/r/antiwork/comments/se64cw/ideas_never_die_this_is_a_space_for_ideas_against/,11
330,https://www.reddit.com/r/antiwork/comments/rdbl0w/pay_attention_to_details_aka_wording_is_important/,9
331,https://www.reddit.com/r/antiwork/comments/mvpo4x/is_it_completely_normal_to_never_want_a_job/,3
332,https://www.reddit.com/r/antiwork/comments/o0vhs7/stop_calling_work_a_family/,11
333,https://www.reddit.com/r/antiwork/comments/ojj58u/fired_for_someone_elses_mistake/,9
334,https://www.reddit.com/r/antiwork/comments/oj1szi/yesterday_in_lincoln_ne/,7
335,https://www.reddit.com/r/antiwork/comments/qruqyy/gf_got_a_call_about_a_job_offer_site_says_job_no/,9
336,https://www.reddit.com/r/antiwork/comments/quxnnc/salary_to_hourly_thoughts/,9
337,https://www.reddit.com/r/antiwork/comments/pfvxnn/guys_i_love_how_conservatives_are_totally/,11
338,https://www.reddit.com/r/antiwork/comments/r6f6cd/i_read_my_horror_scope_today_just_before_i_went/,7
339,https://www.reddit.com/r/antiwork/comments/qynx31/leaving_an_indian_it_company/,9
340,https://www.reddit.com/r/antiwork/comments/rim1d1/got_fired_a_few_days_ago/,9
341,https://www.reddit.com/r/antiwork/comments/rjx9c3/boss_isnt_perfect_but_he_gave_all_seven_of_his/,7
342,https://www.reddit.com/r/antiwork/comments/rnt5nf/its_ironic/,13
343,https://www.reddit.com/r/antiwork/comments/r9idp4/our_whole_monetary_economic_system_is_a_sham_your/,6
344,https://www.reddit.com/r/antiwork/comments/rtmt47/starbucks_workers_in_chicago_and_colorado_file/,13
345,https://www.reddit.com/r/antiwork/comments/s4j3lq/i_got_in_trouble_this_week_over_a_group_chat_on/,9
346,https://www.reddit.com/r/antiwork/comments/s9r42w/these_mfs_are_getting_desperate/,7
347,https://www.reddit.com/r/antiwork/comments/rbquz2/what_do_you_think_of_antigreed_laws_us/,3
348,https://www.reddit.com/r/antiwork/comments/scj3sl/anti_work_national_union/,3
349,https://www.reddit.com/r/antiwork/comments/b2cnq6/my_job_is_making_me_fat_sick_and_crazy/,9
350,https://www.reddit.com/r/antiwork/comments/f5h3zq/after_15_months_of_their_interviews_positive/,9
351,https://www.reddit.com/r/antiwork/comments/m2hwrv/i_get_paid_less_for_working_overtime_than_i_do/,9
352,https://www.reddit.com/r/antiwork/comments/nid3ja/why_hasnt_there_ever_been_a_general_strike_in_the/,3
353,https://www.reddit.com/r/antiwork/comments/qo19f6/the_antihuman_movement_goes_back_to_nixon/,1
354,https://www.reddit.com/r/antiwork/comments/qvoeln/daily_discussion_threads_could_be_beneficial/,2
355,https://www.reddit.com/r/antiwork/comments/r4cuw8/resignation_trilogy_true_tales_from_a_fed_up/,2
356,https://www.reddit.com/r/antiwork/comments/r0um61/just_watched_john_olivers_bit_on_unions_and/,9
357,https://www.reddit.com/r/antiwork/comments/r7jp99/know_your_employees_value/,9
358,https://www.reddit.com/r/antiwork/comments/r43rnv/ive_had_to_wait_9_years_to_afford_a_1hour/,9
359,https://www.reddit.com/r/antiwork/comments/r7a8eq/boss_always_told_me_we_were_family_until_it_came/,9
360,https://www.reddit.com/r/antiwork/comments/rhz01r/here_is_something_i_recommend_everyone_here_do_if/,2
361,https://www.reddit.com/r/antiwork/comments/rijg0b/if_you_dont_work_you_lose_everything/,12
362,https://www.reddit.com/r/antiwork/comments/rw7z9c/caught_covid_and_employer_wont_provide_any/,9
363,https://www.reddit.com/r/antiwork/comments/rxkmz8/i_got_fired_from_golden_nugget_lv_hotel_casino/,9
364,https://www.reddit.com/r/antiwork/comments/s6aiqi/friend_sent_me_this_sign_that_sits_in_the/,7
365,https://www.reddit.com/r/antiwork/comments/s3vv8b/how_do_you_work_on_period_pain/,3
366,https://www.reddit.com/r/antiwork/comments/sfboou/just_noticed_this_on_the_side_of_my_box_when_will/,7
367,https://www.reddit.com/r/antiwork/comments/shbqoh/born_rich_documentary/,6
368,https://www.reddit.com/r/antiwork/comments/ggmmfj/should_i_take_the_furlough_and_see_if_i_can_get/,3
369,https://www.reddit.com/r/antiwork/comments/hjteo4/isnt_bailing_out_corporations_disincentiving_them/,3
370,https://www.reddit.com/r/antiwork/comments/o6lfif/we_must_work_until_were_close_to_death/,13
371,https://www.reddit.com/r/antiwork/comments/owobpm/an_interesting_article_that_i_found_thanks_to/,1
372,https://www.reddit.com/r/antiwork/comments/qdwui6/another_antiwork_song/,5
373,https://www.reddit.com/r/antiwork/comments/qe53ah/unpaid_commutes_are_wage_theft//,12
374,https://www.reddit.com/r/antiwork/comments/r0dr77/quitting_without_giving_two_weeks_notice_is/,11
375,https://www.reddit.com/r/antiwork/comments/rffo1f/this_shit_sucks/,12
376,https://www.reddit.com/r/antiwork/comments/rg4ze8/when_the_rich_flee_to_their_bunkers/,3
377,https://www.reddit.com/r/antiwork/comments/r99ruu/what_is_the_endgame_goal_of_this_sub/,3
378,https://www.reddit.com/r/antiwork/comments/s75hdd/corporations_are_shady/,9
379,https://www.reddit.com/r/antiwork/comments/s18pc7/restaurant_charges_gratuity_and_pockets_it/,7
380,https://www.reddit.com/r/antiwork/comments/s3f1af/the_fact_that_people_are_celebrating_a_boss/,11
381,https://www.reddit.com/r/antiwork/comments/s8ww43/i_guess_im_glad_they_are_rewarding_them_but_these/,7
382,https://www.reddit.com/r/antiwork/comments/rbzml7/gonna_ask_for_a_big_raise_i_actually_hope_they/,9
383,https://www.reddit.com/r/antiwork/comments/se706h/of_course_they_have_a_patreon/,7
384,https://www.reddit.com/r/antiwork/comments/s9vihz/not_even_sure_what_to_say_here/,13
385,https://www.reddit.com/r/antiwork/comments/sbxmd8/thought_this_would_fit_here_i_will_give_credit_if/,12
386,https://www.reddit.com/r/antiwork/comments/rcj2fw/fuck_kellogg_these_fuckers_fired_me_because_i_was/,13
387,https://www.reddit.com/r/antiwork/comments/j5q6qd/the_idea_of_working_5_days_to_have_2_days_free_is/,9
388,https://www.reddit.com/r/antiwork/comments/j9qkfv/increasing_abstraction_of_work/,11
389,https://www.reddit.com/r/antiwork/comments/jbkuei/ive_been_on_a_medical_sick_leave_since_september/,9
390,https://www.reddit.com/r/antiwork/comments/nrr4vx/scene_from_gremlins_2/,4
391,https://www.reddit.com/r/antiwork/comments/p8rig2/is_declining_mental_health_a_good_enough_reason//,9
392,https://www.reddit.com/r/antiwork/comments/pnc5g8/article_proceeds_to_say_that_lack_of_productivity/,13
393,https://www.reddit.com/r/antiwork/comments/qbqr4c/i_just_want_to_travel_and_experience_life_to_its/,12
394,https://www.reddit.com/r/antiwork/comments/qhbxja/not_available_to_discuss_my_personal_time_off_i/,9
395,https://www.reddit.com/r/antiwork/comments/qwhrla/manager_turned_me_into_salaried_worker_to_give_me/,9
396,https://www.reddit.com/r/antiwork/comments/qzqamj/the_times_they_are_a_changing/,2
397,https://www.reddit.com/r/antiwork/comments/r009r7/my_grandpa_hasnt_been_able_to_get_a_job_in_years/,7
398,https://www.reddit.com/r/antiwork/comments/rkrce7/got_this_email_from_a_recruiter_10hour_difference/,7
399,https://www.reddit.com/r/antiwork/comments/rqzi2v/most_antiwork_jobs/,3
400,https://www.reddit.com/r/antiwork/comments/rr6p8c/why_do_employers_make_you_feel_bad_about_using/,3
401,https://www.reddit.com/r/antiwork/comments/s1gjxd/something_sad_i_witnessed_last_night/,11
402,https://www.reddit.com/r/antiwork/comments/rbdgde/is_there_any_overlap_between_communism_and_the/,3
403,https://www.reddit.com/r/antiwork/comments/sck1i5/huge_lady_balls/,9
404,https://www.reddit.com/r/antiwork/comments/saujl0/jan_23_how_is_the_fundamental_contradiction_of/,7
405,https://www.reddit.com/r/antiwork/comments/se6ev7/the_more_i_see_the_angrier_i_get/,10
406,https://www.reddit.com/r/antiwork/comments/s1kxto/so_im_a_stripper_and_customers_always_ask_me_why/,9
407,https://www.reddit.com/r/antiwork/comments/kzwbzh/anyone_aware_of_workweek_reduction_advocacy_groups/,3
408,https://www.reddit.com/r/antiwork/comments/lwv3fb/bagh/,9
409,https://www.reddit.com/r/antiwork/comments/p34ytp/hue_hue_hue/,4
410,https://www.reddit.com/r/antiwork/comments/qoov1w/two_days/,4
411,https://www.reddit.com/r/antiwork/comments/r1bmet/happy_thanksgiving/,7
412,https://www.reddit.com/r/antiwork/comments/rj85da/inflation_51_profits_5_to_last_year_salary_27/,2
413,https://www.reddit.com/r/antiwork/comments/rmqnvy/stop_working_stop_climate_change_and_eat_the/,12
414,https://www.reddit.com/r/antiwork/comments/rvywtf/more_corporate_lies/,12
415,https://www.reddit.com/r/antiwork/comments/rzy3ev/local_711_owner_works_the_cash_register/,2
416,https://www.reddit.com/r/antiwork/comments/rz7kbt/hell_nah_boss_makes_a_dollar_while_i_make_a_dime/,4
417,https://www.reddit.com/r/antiwork/comments/s31ipv/always_knew_willy_was_a_slave_driver/,7
418,https://www.reddit.com/r/antiwork/comments/d4tc9l/i_just_applied_for_dish/,9
419,https://www.reddit.com/r/antiwork/comments/gqayqp/anxiety_of_returning_to_the_classroom/,9
420,https://www.reddit.com/r/antiwork/comments/jg1l8s/any_successful_stem_stories_here/,3
421,https://www.reddit.com/r/antiwork/comments/ki3qn4/the_sad_truth/,4
422,https://www.reddit.com/r/antiwork/comments/nh6au8/maybe_we_should_just_let_them_be_kids/,7
423,https://www.reddit.com/r/antiwork/comments/nj7fv1/an_injury_to_one_is_an_insult_to_all/,12
424,https://www.reddit.com/r/antiwork/comments/oghcub/we_live_everyday_we_die_only_once_not_viceversa/,9
425,https://www.reddit.com/r/antiwork/comments/qdeaol/a_worthy_alternative/,4
426,https://www.reddit.com/r/antiwork/comments/qgyn3g/major_general_smedley_butler_a_self_described/,7
427,https://www.reddit.com/r/antiwork/comments/qlq2qj/tips_for_finding_a_new_career/,3
428,https://www.reddit.com/r/antiwork/comments/qrxjx4/karmakinda/,9
429,https://www.reddit.com/r/antiwork/comments/qvjmyn/was_declined_job_offer_after_4_interviews/,9
430,https://www.reddit.com/r/antiwork/comments/qvpqpw/capitalism_summarized/,12
431,https://www.reddit.com/r/antiwork/comments/r0unce/this_is_always_nice_to_see/,7
432,https://www.reddit.com/r/antiwork/comments/rgd879/applications_that_ask_you_to_take_a_test_after/,9
433,https://www.reddit.com/r/antiwork/comments/s4dr6j/a_really_popular_fast_food_place/,9
434,https://www.reddit.com/r/antiwork/comments/s4b8be/hey_chipotle_fuck_you_wont_even_let_the_customer/,7
435,https://www.reddit.com/r/antiwork/comments/atrt8i/have_been_receiving_unemployment_for_2_weeks/,9
436,https://www.reddit.com/r/antiwork/comments/e5bknm/i_cant_live_like_this/,9
437,https://www.reddit.com/r/antiwork/comments/fcdk8i/offices_are_like_prisons/,4
438,https://www.reddit.com/r/antiwork/comments/fxsjh5/today_i_was_let_go/,9
439,https://www.reddit.com/r/antiwork/comments/ihivyf/about_that_time_for_modern_day_slavery_oops_i/,2
440,https://www.reddit.com/r/antiwork/comments/jbzp68/confronting_the_gmquitting/,9
441,https://www.reddit.com/r/antiwork/comments/m4faio/would_anyone_else_really_love_to_tell_employers/,11
442,https://www.reddit.com/r/antiwork/comments/pw3fl9/do_you_know_any_companies_with_reduced_work/,3
443,https://www.reddit.com/r/antiwork/comments/q3h2bm/there_wouldnt_be_as_much_of_a_worker_shortage_if/,9
444,https://www.reddit.com/r/antiwork/comments/qk5ym0/how_do_i_request_for_a_better_pay/,3
445,https://www.reddit.com/r/antiwork/comments/qt7fu0/made_flyers_for_the_break_room/,7
446,https://www.reddit.com/r/antiwork/comments/r1jftx/and_the_schedule_changes_every_week/,4
447,https://www.reddit.com/r/antiwork/comments/rfgt19/time_theft/,4
448,https://www.reddit.com/r/antiwork/comments/r6f4gm/language_matters/,11
449,https://www.reddit.com/r/antiwork/comments/ri2cim/someone_asked_about_antiwork_music_here_a_short/,5
450,https://www.reddit.com/r/antiwork/comments/qw6l8o/i_cant_do_this_i_have_no_choice_but_to_do_this/,9
451,https://www.reddit.com/r/antiwork/comments/r9p06o/dont_be_mindless_do_whats_right/,4
452,https://www.reddit.com/r/antiwork/comments/s6way2/snowstorm_made_me_feel_human/,9
453,https://www.reddit.com/r/antiwork/comments/rxqv7j/offered_a_salary_way_below_my_range/,9
454,https://www.reddit.com/r/antiwork/comments/rzto8v/dae_mistake_posts_on_rjobs_for_this_sub/,2
455,https://www.reddit.com/r/antiwork/comments/s0se8z/be_wary_of_putting_your_health_at_risk_for_your/,2
456,https://www.reddit.com/r/antiwork/comments/sbxpqi/maximusuk_functional_assessor_postavoid_like_the/,9
457,https://www.reddit.com/r/antiwork/comments/sd92nn/your_managers_are_not_your_friend_and_will_use/,9
458,https://www.reddit.com/r/antiwork/comments/rdewr5/tech_savvy_antiworkers_would_it_be_possible_to/,3
459,https://www.reddit.com/r/antiwork/comments/df0rxs/fake_but_relevant/,12
460,https://www.reddit.com/r/antiwork/comments/e0746i/anyone_else_worked_as_sales_associate_at_best_buy/,9
461,https://www.reddit.com/r/antiwork/comments/gg9xhx/yall_gon_make_me_lose_my_mind_up_in_her_up_in_her/,7
462,https://www.reddit.com/r/antiwork/comments/nwfbur/this_is_global/,13
463,https://www.reddit.com/r/antiwork/comments/qg3l0h/adulthood_is_going_from_spongebob_to_squidward/,4
464,https://www.reddit.com/r/antiwork/comments/qi8bnl/hey_quitting_americans_what_are_you_guys_doing/,3
465,https://www.reddit.com/r/antiwork/comments/qiulu8/crazy_job_story/,9
466,https://www.reddit.com/r/antiwork/comments/qkv5wo/retail_and_fast_food_jobs_suck_or/,3
467,https://www.reddit.com/r/antiwork/comments/qo6uh8/why_does_nobody_want_to_work_anymore/,13
468,https://www.reddit.com/r/antiwork/comments/qq31xt/my_boss_quit_and_im_just_expected_to_take_over/,9
469,https://www.reddit.com/r/antiwork/comments/quhb9s/walmart_is_getting_out_of_hand_with_black_friday/,2
470,https://www.reddit.com/r/antiwork/comments/qzxnd1/i_am_shocked/,2
471,https://www.reddit.com/r/antiwork/comments/r04ffz/signed_up_for_emergency_notifications_at_work_got/,9
472,https://www.reddit.com/r/antiwork/comments/r34lap/a_good_question/,7
473,https://www.reddit.com/r/antiwork/comments/rgq6y3/capitalism_is_a_cancer/,4
474,https://www.reddit.com/r/antiwork/comments/rp1miz/keep_reading_about_all_yall_getting_terrible/,9
475,https://www.reddit.com/r/antiwork/comments/rpyndk/thank_you_to_everyone_here_for_confirming_that_i/,9
476,https://www.reddit.com/r/antiwork/comments/rwk002/boss_turning_up_at_our_flat/,9
477,https://www.reddit.com/r/antiwork/comments/s5cjd0/may_get_fired_because_i_cant_figure_out_how_to/,9
478,https://www.reddit.com/r/antiwork/comments/s0442p/cowards/,9
479,https://www.reddit.com/r/antiwork/comments/s7t1sq/the_way_these_posts_lined_up_made_me_chuckle_may/,4
480,https://www.reddit.com/r/antiwork/comments/sg1iiz/update_going_to_name_and_shame_my_now_former/,9
481,https://www.reddit.com/r/antiwork/comments/rd2x3x/this_is_why_theres_a_worker_shortage/,9
482,https://www.reddit.com/r/antiwork/comments/n4rxcr/companies_with_no_interest_in_giving_living_wages/,16
483,https://www.reddit.com/r/antiwork/comments/oa3p1j/use_school_to_your_advantage/,2
484,https://www.reddit.com/r/antiwork/comments/pqnuid/fuck_yes/,4
485,https://www.reddit.com/r/antiwork/comments/pszgkv/there_is_no_middle_class_anymore/,7
486,https://www.reddit.com/r/antiwork/comments/qa8n20/yes_yes_they_do_thats_the_point/,12
487,https://www.reddit.com/r/antiwork/comments/qitg5r/as_seen_in_kitchen_confidential_sub/,7
488,https://www.reddit.com/r/antiwork/comments/qiimh3/finally_left_one_of_my_employers/,9
489,https://www.reddit.com/r/antiwork/comments/qsraj7/what_if_you_dont_have_the_luxury_of_quitting/,3
490,https://www.reddit.com/r/antiwork/comments/qy7ewz/this_is_the_kind_of_energy_we_need/,7
491,https://www.reddit.com/r/antiwork/comments/r1dup0/how_dare_you_ask_about_days_off_guy_got_roasted/,16
492,https://www.reddit.com/r/antiwork/comments/r75az0/i_have_a_question_but_feel_stupid_for_asking/,9
493,https://www.reddit.com/r/antiwork/comments/r6xhyq/i_will_never_be_mad_at_anyone_ever_for_getting/,11
494,https://www.reddit.com/r/antiwork/comments/rjdfu8/work_doesnt_know_if_they_should_make_me_come_in/,9
495,https://www.reddit.com/r/antiwork/comments/r8fp75/customers_are_so_fucking_rude_to_me/,9
496,https://www.reddit.com/r/antiwork/comments/rt8ajk/healthcare_hospital_system_told_us_to_expect/,7
497,https://www.reddit.com/r/antiwork/comments/s0rnr6/is_it_ok_if_i_worship_satan_can_i_still_apply_or/,15
498,https://www.reddit.com/r/antiwork/comments/s1jn1a/should_i_take_this_office_job/,9
499,https://www.reddit.com/r/antiwork/comments/s3z7kj/my_boss_told_me_either_your_husband_stays_home/,9
500,https://www.reddit.com/r/antiwork/comments/rbk2d6/proposal_for_changes_in_the_usa_workforce/,11
501,https://www.reddit.com/r/antiwork/comments/s9irr2/more_antiwork_articles_old_one_just_showed_up_for/,13
502,https://www.reddit.com/r/antiwork/comments/sa56h7/what_late_stage_capitalism_did_to_my_family_part/,9
503,https://www.reddit.com/r/antiwork/comments/sc4gb4/for_anyone_who_wants_to_read_the_chad_brief_by/,1
504,https://www.reddit.com/r/antiwork/comments/sebx8s/antiwork_moderator_moment/,10
505,https://www.reddit.com/r/antiwork/comments/evavrc/offered_a_job_2_weeks_ago/,9
506,https://www.reddit.com/r/antiwork/comments/klmpbh/and_then_they_turn_around_and_say_facts_dont_care/,12
507,https://www.reddit.com/r/antiwork/comments/lb70kv/starting_salary_is_minimum_wage/,4
508,https://www.reddit.com/r/antiwork/comments/q6zs5u/i_quit_my_job_and_told_management_exactly_the/,9
509,https://www.reddit.com/r/antiwork/comments/qatjyx/passion_bordering_on_obsession/,4
510,https://www.reddit.com/r/antiwork/comments/qj3e4w/its_never_enough_whatever_level_of_performance/,9
511,https://www.reddit.com/r/antiwork/comments/r078br/my_boss_treats_work_like_high_school/,9
512,https://www.reddit.com/r/antiwork/comments/qvf8xy/whats_been_your_experience_working_for_a_nonprofit/,3
513,https://www.reddit.com/r/antiwork/comments/rh03ti/i_watched_a_man_die_at_my_first_office_job_and/,9
514,https://www.reddit.com/r/antiwork/comments/rhra2u/working_with_a_disability/,9
515,https://www.reddit.com/r/antiwork/comments/rq7ucm/as_a_manager_i_want_to_support_my_team_members/,9
516,https://www.reddit.com/r/antiwork/comments/rsyph1/eat_the_rich/,4
517,https://www.reddit.com/r/antiwork/comments/rycgll/mcdonalds_can_pay_join_the_mcboycott/,12
518,https://www.reddit.com/r/antiwork/comments/rb2ls3/software_engineering_has_noticed_you/,2
519,https://www.reddit.com/r/antiwork/comments/s9lsp5/is_it_wrong_to_want_luxury/,9
520,https://www.reddit.com/r/antiwork/comments/s6j9m5/let_us_not_forget/,12
521,https://www.reddit.com/r/antiwork/comments/rcrcpo/all_the_fast_food_was_closed_sunday/,2
522,https://www.reddit.com/r/antiwork/comments/8n3tmn/found_this_led_key_chain_at_a_freeway_reststop/,7
523,https://www.reddit.com/r/antiwork/comments/e2s4ht/feudalism/,13
524,https://www.reddit.com/r/antiwork/comments/ektnuh/my_idea_on_how_change_can_be_achieved//,11
525,https://www.reddit.com/r/antiwork/comments/g4rpic/looking_for_a_unique_group_of_individuals_to/,2
526,https://www.reddit.com/r/antiwork/comments/k78gda/f_l_e_x_i_b_l_e/,4
527,https://www.reddit.com/r/antiwork/comments/kozq8r/or_you_know_4_day_work_week/,12
528,https://www.reddit.com/r/antiwork/comments/lbdo66/reducing_working_hours_never_seems_to_be_a_part/,11
529,https://www.reddit.com/r/antiwork/comments/m1g3hj/how_they_really_feel/,7
530,https://www.reddit.com/r/antiwork/comments/mni0nc/oc_offering_up_hours_like_its_a_gift_from_the/,4
531,https://www.reddit.com/r/antiwork/comments/osx7qs/not_hiring_grumpy_people_in_texas/,7
532,https://www.reddit.com/r/antiwork/comments/rew23u/ceo_bros_get_paid_to_much/,11
533,https://www.reddit.com/r/antiwork/comments/r6lku5/investment_bank_scheduled_work_on_mothers_day/,9
534,https://www.reddit.com/r/antiwork/comments/rksco7/factory_vs_office/,9
535,https://www.reddit.com/r/antiwork/comments/rljtbo/my_boss_tryna_guilt_me/,7
536,https://www.reddit.com/r/antiwork/comments/rnubqk/merry_xmas_amazon/,7
537,https://www.reddit.com/r/antiwork/comments/rrqd5n/rewatched_wanted_loved_this_scene/,8
538,https://www.reddit.com/r/antiwork/comments/rwah7u/went_in_an_hour_early/,9
539,https://www.reddit.com/r/antiwork/comments/s49wkc/must_be_okay_with_work_forever_and_always/,15
540,https://www.reddit.com/r/antiwork/comments/s9zz5z/just_to_say_thank_you/,9
541,https://www.reddit.com/r/antiwork/comments/s8p1se/was_just_offered_25_more_pay/,9
542,https://www.reddit.com/r/antiwork/comments/rdanyc/what_are_you_guys_going_to_do_when_we_finally/,3
543,https://www.reddit.com/r/antiwork/comments/czl7v0/the_future_of_exploitation/,13
544,https://www.reddit.com/r/antiwork/comments/imswzd/protect_the_things_we_love/,7
545,https://www.reddit.com/r/antiwork/comments/nim2x6/being_lgbt_is_unnatural_but_selling_half_your/,13
546,https://www.reddit.com/r/antiwork/comments/okyg5q/i_sure_dont/,13
547,https://www.reddit.com/r/antiwork/comments/qh4plg/does_this_count/,7
548,https://www.reddit.com/r/antiwork/comments/qgb1w8/fundie_karen/,4
549,https://www.reddit.com/r/antiwork/comments/qh9h9c/why_do_i_even_bother/,9
550,https://www.reddit.com/r/antiwork/comments/qilktl/18_is_too_much_for_no_experience_labor/,13
551,https://www.reddit.com/r/antiwork/comments/rfpe9k/rewards_program_legality/,9
552,https://www.reddit.com/r/antiwork/comments/r8ot0d/how_can_we_support_a_government_that_would_rather/,11
553,https://www.reddit.com/r/antiwork/comments/rl9jcj/new_to_the_sub_whats_going_on/,3
554,https://www.reddit.com/r/antiwork/comments/rafmd6/incentivizing_higher_taxes/,11
555,https://www.reddit.com/r/antiwork/comments/s73tdr/you_remind_me_of_my_daughter/,9
556,https://www.reddit.com/r/antiwork/comments/s7mxwv/this_is_being_hailed_as_behaviour_to_aspire_to/,7
557,https://www.reddit.com/r/antiwork/comments/rd8p5f/what_are_some_good_movies_with_heavy_antiwork/,3
558,https://www.reddit.com/r/antiwork/comments/rdxrby/workers_trapped_inside_amazon_warehouse_in/,1
559,https://www.reddit.com/r/antiwork/comments/kp405n/work_isnt_fun_work_is_one_of_these_burdens_that/,9
560,https://www.reddit.com/r/antiwork/comments/p54uta/early_bird_gets_the_worm/,2
561,https://www.reddit.com/r/antiwork/comments/q5vskg/when_you_tell_an_old_coworker_that_you_couldnt_be/,2
562,https://www.reddit.com/r/antiwork/comments/pt1vd9/story_i_was_brought_to_a_poor_area_in_thailand_to/,9
563,https://www.reddit.com/r/antiwork/comments/qp2bz5/no_im_not_a_restaurant_workerim_a_sandwich_artist/,15
564,https://www.reddit.com/r/antiwork/comments/qqvh41/brilliant/,12
565,https://www.reddit.com/r/antiwork/comments/qrpbrf/its_time_for_american_to_reclaim_to_revolutionary/,11
566,https://www.reddit.com/r/antiwork/comments/qwdsxi/cant_have_another_day_off_because_he_will_spend/,9
567,https://www.reddit.com/r/antiwork/comments/r82l1h/asked_for_a_pay_raise/,9
568,https://www.reddit.com/r/antiwork/comments/r56w04/what_are_some_good_companies_to_work_for/,3
569,https://www.reddit.com/r/antiwork/comments/r44hnk/anxieties_about_joining_the_workforce/,9
570,https://www.reddit.com/r/antiwork/comments/rcqgmu/if_you_guys_are_interested_in_boycotting_certain/,7
571,https://www.reddit.com/r/antiwork/comments/rh3ko1/question_how_much_work_would_we_have_to_do_in_a/,3
572,https://www.reddit.com/r/antiwork/comments/r8hvqx/why_america_is_so_against_saving_lives/,11
573,https://www.reddit.com/r/antiwork/comments/rlv6bx/the_large_multi_billion_dollar_revenue_company_i/,2
574,https://www.reddit.com/r/antiwork/comments/rs9q4s/found_on_fb/,7
575,https://www.reddit.com/r/antiwork/comments/se9k11/guess_we_cant_post_images_anymore/,10
576,https://www.reddit.com/r/antiwork/comments/fcx9fr/outsource_it_all_andrew_alexander_out_here/,7
577,https://www.reddit.com/r/antiwork/comments/gvi5f7/i_refuse_to_work_at_anyplace_that_does_not_allow/,2
578,https://www.reddit.com/r/antiwork/comments/khqy6a/im_quitting_my_job_and_moving_to_africa_in_25_days/,9
579,https://www.reddit.com/r/antiwork/comments/mzdxdj/nothing_but_facts/,16
580,https://www.reddit.com/r/antiwork/comments/q845t3/what_can_i_do_tw_suicide/,9
581,https://www.reddit.com/r/antiwork/comments/qkojhw/what_are_things_that_hints_at_a_work_place_being/,3
582,https://www.reddit.com/r/antiwork/comments/qmyafl/tore_my_acl_three_weeks_into_starting_a_new_job/,9
583,https://www.reddit.com/r/antiwork/comments/qrhs8z/threatened_for_not_working_overtime_yesterday/,9
584,https://www.reddit.com/r/antiwork/comments/qtgha5/nice_poem/,12
585,https://www.reddit.com/r/antiwork/comments/qv1l4x/about_this_now_hiring_14_and_15_year_olds_trend/,11
586,https://www.reddit.com/r/antiwork/comments/qvj6gh/overworked_happens_at_all_skill_levels/,9
587,https://www.reddit.com/r/antiwork/comments/qw3wn2/to_quit_or_not_to_quit/,9
588,https://www.reddit.com/r/antiwork/comments/rpe6i2/my_childs_due_date_is_today_was_told_im_entitled/,9
589,https://www.reddit.com/r/antiwork/comments/rs3on2/i_cannot_read_so_i_will_strike/,4
590,https://www.reddit.com/r/antiwork/comments/rwfxln/all_work_is_exploitable/,9
591,https://www.reddit.com/r/antiwork/comments/rw6mzk/how_do_you_unionize/,3
592,https://www.reddit.com/r/antiwork/comments/s08j0z/one_of_my_friend_teaches_in_nc_not_only_does_she/,7
593,https://www.reddit.com/r/antiwork/comments/ra9cnj/the_whole_reason_germany_agreed_to_an_armistice/,11
594,https://www.reddit.com/r/antiwork/comments/rbltpj/i_put_my_two_weeks_in_tonight/,2
595,https://www.reddit.com/r/antiwork/comments/rbei4x/idea_for_sharing_union_informatipn/,2
596,https://www.reddit.com/r/antiwork/comments/sd7382/800_per_week_to_live_in_a_van_up_to_2_weeks_at_a/,15
597,https://www.reddit.com/r/antiwork/comments/scxpzf/the_hiviz_policy_bnsf_is_putting_in_place//,13
598,https://www.reddit.com/r/antiwork/comments/qown4a/i_do_miss_the_old_antiwork/,4
599,https://www.reddit.com/r/antiwork/comments/dzuuqv/the_treadmill_never_stops/,9
600,https://www.reddit.com/r/antiwork/comments/i2s9v9/i_handed_in_my_notice_last_week/,9
601,https://www.reddit.com/r/antiwork/comments/hwrxzo/parents_pressuring_me_to_work_during_the_pandemic/,9
602,https://www.reddit.com/r/antiwork/comments/l20zeu/havent_applied_for_a_job_in_years/,9
603,https://www.reddit.com/r/antiwork/comments/n1a8yv/you_miss_100_of_the_shots_you_dont_take_wayne/,4
604,https://www.reddit.com/r/antiwork/comments/ou550i/same/,12
605,https://www.reddit.com/r/antiwork/comments/pw696l/i_applied_for_a_job_this_week_that_required_a/,7
606,https://www.reddit.com/r/antiwork/comments/q8bv3a/quitting_my_first_job/,9
607,https://www.reddit.com/r/antiwork/comments/qbshoh/masters_degree_32_hour_shifts_and_homicidal/,9
608,https://www.reddit.com/r/antiwork/comments/qfhsps/requirements_must_be_a_robot/,15
609,https://www.reddit.com/r/antiwork/comments/qgho2g/anyone_else_had_to_train_their_own_manager/,3
610,https://www.reddit.com/r/antiwork/comments/qkgf7g/you_ever_had_your_boss_use_you_as_a_prop/,3
611,https://www.reddit.com/r/antiwork/comments/qx11gr/realization_that_i_need_to_get_a_docorate_for_my/,9
612,https://www.reddit.com/r/antiwork/comments/r3xkle/questions_about_tipping_for_food_delivery/,3
613,https://www.reddit.com/r/antiwork/comments/reaqbm/leaving_my_job_right_before_thanksgiving/,9
614,https://www.reddit.com/r/antiwork/comments/r9t4sr/had_to_take_2_weeks_without_pay/,9
615,https://www.reddit.com/r/antiwork/comments/rumvj3/been_interested_in_the_mechanisms_of_power_abuse/,11
616,https://www.reddit.com/r/antiwork/comments/ef6bab/but_everyone_else_is_gonna_have_to_work_extra_for/,7
617,https://www.reddit.com/r/antiwork/comments/izgcp6/is_there_anyone_here_who_is_truly_an_antiworker/,3
618,https://www.reddit.com/r/antiwork/comments/l0xeou/yeah_sure_he_will/,12
619,https://www.reddit.com/r/antiwork/comments/lswu7h/effort/,11
620,https://www.reddit.com/r/antiwork/comments/o9f4gl/work_can_feel_like_play_when_done_right_followed/,12
621,https://www.reddit.com/r/antiwork/comments/qg7j5a/goodharts_law_if_you_pick_a_measure_to_assess/,7
622,https://www.reddit.com/r/antiwork/comments/qtlwb0/it_do_be_like_that_tho/,12
623,https://www.reddit.com/r/antiwork/comments/qur36k/its_all_connected_and_its_worse_than_we_realize/,11
624,https://www.reddit.com/r/antiwork/comments/r2xv7p/get_an_email_for_support_almost_a_decade_after/,9
625,https://www.reddit.com/r/antiwork/comments/r0bftq/i_meanhes_not_wrong/,7
626,https://www.reddit.com/r/antiwork/comments/rnt5oi/levels_up/,4
627,https://www.reddit.com/r/antiwork/comments/rsu7qe/the_second_this_sub_would_become_an_actual_threat/,14
628,https://www.reddit.com/r/antiwork/comments/rb29yu/how_are_yall_affording_to_quit_your_jobs/,3
629,https://www.reddit.com/r/antiwork/comments/rb2vtx/what_jobs_can_be_automated_working_from_home/,3
630,https://www.reddit.com/r/antiwork/comments/s0nuzr/employer_healthcare_question/,9
631,https://www.reddit.com/r/antiwork/comments/s65hor/some_positive_news/,9
632,https://www.reddit.com/r/antiwork/comments/sca7bc/company_lied_of_shift_during_hiring_process_now_i/,9
633,https://www.reddit.com/r/antiwork/comments/scpy1p/level_1_trauma_center_break_room_came_in_at_1100/,7
634,https://www.reddit.com/r/antiwork/comments/se6t9m/stop_censoring_us_mods/,10
635,https://www.reddit.com/r/antiwork/comments/rcvo7f/nothing_says_worklife_balance_like_mandatory_ot/,9
636,https://www.reddit.com/r/antiwork/comments/qule7n/stories_about_rich_people_losing_to_poor_people/,3
637,https://www.reddit.com/r/antiwork/comments/jtxe5p/its_an_abstract_meme_but_i_agree_with_it/,4
638,https://www.reddit.com/r/antiwork/comments/okyfwl/right_now_im_an_it_field_service_tech_and_the/,9
639,https://www.reddit.com/r/antiwork/comments/ox889l/rich_kid_sexually_assaults_and_punches_flight/,12
640,https://www.reddit.com/r/antiwork/comments/q4jgrm/bootlickers_lurking_around_every_corner/,7
641,https://www.reddit.com/r/antiwork/comments/qds5w9/have_always_been_the_kind_of_worker_that_responds/,4
642,https://www.reddit.com/r/antiwork/comments/qdgo2i/what_is_a_new_career_to_look_into_for_someone/,9
643,https://www.reddit.com/r/antiwork/comments/qiu5le/work_for_someone_whos_business_relies_on_you/,9
644,https://www.reddit.com/r/antiwork/comments/qjtb41/everyone_needs_to_come_to_terms_with_the_fact/,11
645,https://www.reddit.com/r/antiwork/comments/qp55t6/these_posts_are_fake_trolls_need_to_stop/,2
646,https://www.reddit.com/r/antiwork/comments/qxj7fe/lost_all_faith_in_employee_protection/,9
647,https://www.reddit.com/r/antiwork/comments/qwrn3j/116_hours_in_a_week/,9
648,https://www.reddit.com/r/antiwork/comments/qzjhbl/how_to_get_more_out_of_your_starting_salary/,3
649,https://www.reddit.com/r/antiwork/comments/rn5yag/imagine_all_the_money_theyre_losing_by_keeping/,7
650,https://www.reddit.com/r/antiwork/comments/rqofo0/the_boss_that_fired_me_almost_one_year_ago_to_the/,9
651,https://www.reddit.com/r/antiwork/comments/r97fph/i_wonder_why_no_one_has_applied/,15
652,https://www.reddit.com/r/antiwork/comments/rzzb0j/i_apologize/,2
653,https://www.reddit.com/r/antiwork/comments/rajgfp/does_more_money_justify_terrible_conditions/,3
654,https://www.reddit.com/r/antiwork/comments/sbr49x/im_tired_of_getting_emails_from_the_ceo_asking_us/,11
655,https://www.reddit.com/r/antiwork/comments/e0fzvd/its_been_over_a_100_years_and_we_still_have_an_8/,11
656,https://www.reddit.com/r/antiwork/comments/japvx1/interviewer_whats_your_3_biggest_weaknesses_me/,4
657,https://www.reddit.com/r/antiwork/comments/nyfgca/what_are_the_alternatives_to_not_working_a_95/,3
658,https://www.reddit.com/r/antiwork/comments/p3vfov/ghostedwtf/,9
659,https://www.reddit.com/r/antiwork/comments/pcwk3e/i_just_left_an_interview/,9
660,https://www.reddit.com/r/antiwork/comments/pupzk7/starbucks_at_cole_and_fairview/,7
661,https://www.reddit.com/r/antiwork/comments/qo8f9m/kinda_makes_a_fella_wonder/,12
662,https://www.reddit.com/r/antiwork/comments/qwikne/i_got_fired_for_this_but_i_dont_give_a_shit_i/,7
663,https://www.reddit.com/r/antiwork/comments/qw8i9l/about_to_leave_work/,9
664,https://www.reddit.com/r/antiwork/comments/r1ge7f/nope_7chars/,4
665,https://www.reddit.com/r/antiwork/comments/rl5zem/you_get_a_raise_but_dont_tell_anyone_else/,9
666,https://www.reddit.com/r/antiwork/comments/rpuly7/listen_here_labor_costs_money/,12
667,https://www.reddit.com/r/antiwork/comments/rtxfov/is_the_mcdonalds_25_or_walk_boycottstrike_still/,3
668,https://www.reddit.com/r/antiwork/comments/s1mdkh/if_you_guys_want_to_make_an_impact_stop/,10
669,https://www.reddit.com/r/antiwork/comments/s2yb68/the_grass_sometimes_is_actually_greener/,9
670,https://www.reddit.com/r/antiwork/comments/scyp13/america_lagging_behind_in_labor_rights/,7
671,https://www.reddit.com/r/antiwork/comments/ebcywt/how_is_it_legal_for_wages_to_remain_stagnant_with/,9
672,https://www.reddit.com/r/antiwork/comments/dpeduw/celebrating_a_decade_of_burnout_and_exhaustion/,9
673,https://www.reddit.com/r/antiwork/comments/gai99y/people/,12
674,https://www.reddit.com/r/antiwork/comments/ko3ozp/how_can_i_live_comfortably_without_working_40/,3
675,https://www.reddit.com/r/antiwork/comments/na3s69/writing_all_my_cover_letters_like_this_for_the//,7
676,https://www.reddit.com/r/antiwork/comments/nhhxfr/rightwing_media_refuses_to_blame_restaurants_in/,13
677,https://www.reddit.com/r/antiwork/comments/pjgijs/ummmmmm/,3
678,https://www.reddit.com/r/antiwork/comments/qd9klb/we_do_a_little_trolling/,4
679,https://www.reddit.com/r/antiwork/comments/qczw14/should_i_ask_for_a_raise/,7
680,https://www.reddit.com/r/antiwork/comments/qdlxjy/they_are_going_to_find_out/,13
681,https://www.reddit.com/r/antiwork/comments/qknluk/two_day_notice/,2
682,https://www.reddit.com/r/antiwork/comments/qm5wjd/why_did_i_ever_think_grind_culture_was_cool/,9
683,https://www.reddit.com/r/antiwork/comments/qjx6e5/im_here_to_tell_you_it_doesnt_get_better/,9
684,https://www.reddit.com/r/antiwork/comments/qqyvo0/boyfriends_fast_food_job_threatens_job_over_one/,9
685,https://www.reddit.com/r/antiwork/comments/r215xi/after_receiving_our_checks_we_were_handed_this/,7
686,https://www.reddit.com/r/antiwork/comments/r5n7rg/hiring_ads/,11
687,https://www.reddit.com/r/antiwork/comments/rlkoc3/nein_justus_ich_werde_dir_nicht_meine/,12
688,https://www.reddit.com/r/antiwork/comments/ro0qhy/i_need_to_get_over_my_guilt_and_fear_of_getting/,9
689,https://www.reddit.com/r/antiwork/comments/sdb6n3/this_sub_is_about_not_working_period/,10
690,https://www.reddit.com/r/antiwork/comments/se5pbr/uabolishwork_deserves_our_scorn_but_does/,2
691,https://www.reddit.com/r/antiwork/comments/s7wndi/what_is_with_the_bs_code_challenges_developers/,9
692,https://www.reddit.com/r/antiwork/comments/cmwy1c/calling_to_work_in_someones_free_day_should_be/,9
693,https://www.reddit.com/r/antiwork/comments/i4w5in/do_you_blame_others_for_your_situation_or_yourself/,3
694,https://www.reddit.com/r/antiwork/comments/ii8te3/all_power_to_the_people/,12
695,https://www.reddit.com/r/antiwork/comments/jc9nm8/now_stop_whining_and_go_be_our_heroes/,4
696,https://www.reddit.com/r/antiwork/comments/kxtabv/fuckin_fish/,4
697,https://www.reddit.com/r/antiwork/comments/lksqz8/things_people_at_work_say_that_leave_me_o/,9
698,https://www.reddit.com/r/antiwork/comments/m70mre/artists_of_anti_work/,3
699,https://www.reddit.com/r/antiwork/comments/n7bku0/i_just_hope_everyone_realizes_that_these_no_one/,7
700,https://www.reddit.com/r/antiwork/comments/nd2nlp/slave_away_but_dont_you_dare_express_yourself/,12
701,https://www.reddit.com/r/antiwork/comments/p2dgt0/so_apparently_in_this_country_you_cant_really/,2
702,https://www.reddit.com/r/antiwork/comments/pfono1/tips_for_tolerating_a_boring_retail_job/,3
703,https://www.reddit.com/r/antiwork/comments/pttsip/this_is_why_we_need_unions_walmart_fails_in/,6
704,https://www.reddit.com/r/antiwork/comments/qh8eb9/almost_1_million/,2
705,https://www.reddit.com/r/antiwork/comments/qvol44/i_developed_a_plan/,9
706,https://www.reddit.com/r/antiwork/comments/r4xfi1/can_someone_give_me_a_basic_411_on_unemployment/,3
707,https://www.reddit.com/r/antiwork/comments/r0bj1i/four_day_week_for_the_same_pay_introduced/,1
708,https://www.reddit.com/r/antiwork/comments/r3iutl/they_just_do_shit_so_casually/,13
709,https://www.reddit.com/r/antiwork/comments/rfghey/starting_shifts_early_to_not_be_marked_late/,9
710,https://www.reddit.com/r/antiwork/comments/rt83sa/a_desk_job_made_me_do_pushups_in_the_interview/,9
711,https://www.reddit.com/r/antiwork/comments/rtmaav/i_feel_really_bad_for_immigrant_workers/,9
712,https://www.reddit.com/r/antiwork/comments/s3wvs1/my_team_is_not_going_to_get_a_raise/,9
713,https://www.reddit.com/r/antiwork/comments/scyygg/i_was_my_boss_slave_for_a_year/,9
714,https://www.reddit.com/r/antiwork/comments/k6g2u4/you_all_need_to_reevaluate_things/,12
715,https://www.reddit.com/r/antiwork/comments/m3mdi8/20_hours_per_week/,11
716,https://www.reddit.com/r/antiwork/comments/op0rnu/why_isnt_advertising_pay_or_sharing_pay_with/,7
717,https://www.reddit.com/r/antiwork/comments/pduohm/yeah_look_at_all_those_idiots_out_there_enjoying/,12
718,https://www.reddit.com/r/antiwork/comments/qc5eoi/so_i_quit_today_in_my_head/,9
719,https://www.reddit.com/r/antiwork/comments/r5rhn9/manager_made_a_snarky_remark_and_left_me_on_read/,9
720,https://www.reddit.com/r/antiwork/comments/reqc5e/what_about_the_medical_bill_of_the_victims_of/,11
721,https://www.reddit.com/r/antiwork/comments/ret7qb/saw_a_post_about_a_candle_factory_not_allowing/,7
722,https://www.reddit.com/r/antiwork/comments/rigumf/my_job_is_ridiculous/,9
723,https://www.reddit.com/r/antiwork/comments/rnts7r/could_employeeowned_businesses_be_the_answer/,11
724,https://www.reddit.com/r/antiwork/comments/s78out/getting_replaced_because_i_got_covid/,9
725,https://www.reddit.com/r/antiwork/comments/s1hhii/this_sub_saved_my_sanity/,9
726,https://www.reddit.com/r/antiwork/comments/sc2d2o/sorry_in_advance_if_this_is_not_wellreceived_but/,9
727,https://www.reddit.com/r/antiwork/comments/cb76vt/job_application_pretest_do_i_need_to_just_lie/,3
728,https://www.reddit.com/r/antiwork/comments/etij1y/inspirobot_experiences_burnout/,4
729,https://www.reddit.com/r/antiwork/comments/fikm9h/family_stuck_in_propaganda_i_cant_escape/,9
730,https://www.reddit.com/r/antiwork/comments/hl0axg/work_ruins_all_ability_to_have_hobbies_and_causes/,4
731,https://www.reddit.com/r/antiwork/comments/muk6t1/here_is_great_link_if_you_want_to_make_yourself/,11
732,https://www.reddit.com/r/antiwork/comments/o9a10v/it_was_a_sacrifice_millionaires_and_billionaires/,12
733,https://www.reddit.com/r/antiwork/comments/ootvk1/hmm_thatll_increase_productivity/,12
734,https://www.reddit.com/r/antiwork/comments/ns216i/what_the_hell_does_company_culture_even_mean/,3
735,https://www.reddit.com/r/antiwork/comments/qjsox5/it_sure_would_be_nice_to_not_be_forced_to_support/,11
736,https://www.reddit.com/r/antiwork/comments/qign5t/brought_in_a_deal_for_my_company_worth_23_million/,9
737,https://www.reddit.com/r/antiwork/comments/qk5sgq/have_you_made_someone_quit_by_what_youve_saiddone/,3
738,https://www.reddit.com/r/antiwork/comments/laezkx/i_lost_my_9_to_5_job_and_it_was_the_best_thing/,9
739,https://www.reddit.com/r/antiwork/comments/rrmkhj/what_would_you_do/,7
740,https://www.reddit.com/r/antiwork/comments/rq5a2t/workers_associate_fund/,2
741,https://www.reddit.com/r/antiwork/comments/r9uhgs/how_common_is_having_to_find_someone_to_cover_for//,3
742,https://www.reddit.com/r/antiwork/comments/rusp80/bernie_sanders_in_1978/,12
743,https://www.reddit.com/r/antiwork/comments/rxrwu5/this_quote_still_stands_true_today/,2
744,https://www.reddit.com/r/antiwork/comments/rxm4d8/one_of_many_bullshits_the_self_review/,11
745,https://www.reddit.com/r/antiwork/comments/s2cdqy/coworker_is_hoping_to_become_a_permanent_employee/,9
746,https://www.reddit.com/r/antiwork/comments/s7yppj/wrongfully_fired/,9
747,https://www.reddit.com/r/antiwork/comments/j0hacl/gotta_fight_the_boss/,4
748,https://www.reddit.com/r/antiwork/comments/q5gxua/well_give_you_one_day_a_week_but_fully_expect_you/,15
749,https://www.reddit.com/r/antiwork/comments/qbu061/felt_like_sharing_my_only_dramatic_i_quit_moment/,9
750,https://www.reddit.com/r/antiwork/comments/qae1pn/not_here_to_criticize_i_am_just_wondering_why_40/,3
751,https://www.reddit.com/r/antiwork/comments/qnebov/unapproved_paid_leave/,9
752,https://www.reddit.com/r/antiwork/comments/r0t2zn/love_the_ads_on_antiwork_lol/,7
753,https://www.reddit.com/r/antiwork/comments/r01gem/the_company_i_work_for_told_us_our_health/,9
754,https://www.reddit.com/r/antiwork/comments/r7e9ku/rant_about_tesla_chills/,11
755,https://www.reddit.com/r/antiwork/comments/rjgtd7/saw_this_in_another_sub_and_thought_i_was_in_here/,7
756,https://www.reddit.com/r/antiwork/comments/rnp3gn/ceos_mindset_glad_to_be_in_scandinavia_still/,16
757,https://www.reddit.com/r/antiwork/comments/rpnb24/only_communicate_with_workbosses_through_text_or/,11
758,https://www.reddit.com/r/antiwork/comments/rw646r/boss_needs_it_tomorrow/,9
759,https://www.reddit.com/r/antiwork/comments/s49z6v/have_you_guys_heard_about_the_mayday_strike/,14
760,https://www.reddit.com/r/antiwork/comments/s65598/i_called_off_today_fuck_this/,7
761,https://www.reddit.com/r/antiwork/comments/rcnudj/boss_told_us_theyre_not_approving_pto_for_the/,9
762,https://www.reddit.com/r/antiwork/comments/ksvxii/i_swear_im_at_my_fucking_limit/,9
763,https://www.reddit.com/r/antiwork/comments/lfwwfw/make_a_living_without_working_art_design/,3
764,https://www.reddit.com/r/antiwork/comments/n24zz9/shoutout_to_all_the_waitstaff_here_if_youre_doing/,4
765,https://www.reddit.com/r/antiwork/comments/kvuzga/im_dr_devon_price_the_author_of_laziness_does_not/,2
766,https://www.reddit.com/r/antiwork/comments/qeyd73/what_is_wrong_with_these_people/,7
767,https://www.reddit.com/r/antiwork/comments/qgffyx/you_are_not_a_person/,4
768,https://www.reddit.com/r/antiwork/comments/qh9qck/bad_managers_from_first_to_last/,9
769,https://www.reddit.com/r/antiwork/comments/ql1ofj/resignedrescinded_my_2_weeks_notice_3_weeks_ago/,9
770,https://www.reddit.com/r/antiwork/comments/qup0qa/i_like_my_new_job_but_what_the_hell_is_this/,7
771,https://www.reddit.com/r/antiwork/comments/qulz17/good_ol_boss_told_me_never_to_talk_of_my_pay/,9
772,https://www.reddit.com/r/antiwork/comments/r7romr/2022_black_friday_strike/,14
773,https://www.reddit.com/r/antiwork/comments/rjl66d/i_love_america/,12
774,https://www.reddit.com/r/antiwork/comments/roeb0i/dont_settle_for_15hr_even_if_minimum_wage_is_725/,11
775,https://www.reddit.com/r/antiwork/comments/s4oj4o/anyone_else_think_workers_comp_is_a_scam/,9
776,https://www.reddit.com/r/antiwork/comments/s6pw94/new_word_palihathetic/,11
777,https://www.reddit.com/r/antiwork/comments/rbwlys/dont_be_the_willing_horse/,12
778,https://www.reddit.com/r/antiwork/comments/rdlg49/rip_mensi_angelic_upstarts/,5
779,https://www.reddit.com/r/antiwork/comments/rddfa9/kroger_boycott//,7
780,https://www.reddit.com/r/antiwork/comments/rug5ib/my_boss_exploded/,9
781,https://www.reddit.com/r/antiwork/comments/nec1xs/wfh_while_on_a_4_week_notice/,4
782,"https://www.reddit.com/r/antiwork/comments/qmzm1h/i_am_the_only_employee_at_my_tiny_regional_chain/%27,",9
783,"https://www.reddit.com/r/antiwork/comments/ppoqnj/yay_corporations_taking_over_towns/%27,",13
784,"https://www.reddit.com/r/antiwork/comments/q45si1/americas_unemployed_are_sending_a_message_theyll/%27,",13
785,"https://www.reddit.com/r/antiwork/comments/qpk610/sums_it_all_up_quite_nicely_i_think/%27,",4
786,"https://www.reddit.com/r/antiwork/comments/qb1syy/quit_my_cleaning_job_over_a_year_ago_and_reported/%27,",9
787,"https://www.reddit.com/r/antiwork/comments/qocv1i/im_so_proud_of_this_sub/%27,",13
788,"https://www.reddit.com/r/antiwork/comments/qv4kuw/is_this_illegal_or_just_unethical_owners_of/%27,",9
789,"https://www.reddit.com/r/antiwork/comments/qt5bxn/my_coworkers_and_i_all_reported_my_manager_today/%27,",9
790,"https://www.reddit.com/r/antiwork/comments/r3lrq4/the_line_between_working_out_problems_and_quitting/%27,",9
791,"https://www.reddit.com/r/antiwork/comments/rf2i09/the_problem_is_free_market_capitalism/%27,",11
792,"https://www.reddit.com/r/antiwork/comments/rg6att/the_cost_has_gone_up/%27,",12
793,"https://www.reddit.com/r/antiwork/comments/r7xzia/wage_theft/%27,",9
794,"https://www.reddit.com/r/antiwork/comments/b4onai/i_was_going_to_make_a_post_about_how_the_only/%27,",11
795,"https://www.reddit.com/r/antiwork/comments/cq0b1i/unions_simplified/%27,",4
796,"https://www.reddit.com/r/antiwork/comments/eytxvt/welp_friends_i_cant_put_it_on_hold_any_longer_i/%27,",9
797,"https://www.reddit.com/r/antiwork/comments/gqsdry/how_do_people_work_everyday_without_cracking/%27,",9
798,"https://www.reddit.com/r/antiwork/comments/fih4d5/wow_fuck_you_whole_foods/%27,",13
799,"https://www.reddit.com/r/antiwork/comments/s57d3r/so_should_i_be_pissed/%27,",9
800,"https://www.reddit.com/r/antiwork/comments/iwtvmy/better_for_the_company_if_he_would_have_died/%27,",9
801,"https://www.reddit.com/r/antiwork/comments/rblvtk/what_have_i_done/%27,",9
802,"https://www.reddit.com/r/antiwork/comments/rd9uhc/well_the_kelloggs_fb_page_is_certainly_not_immune/%27,",4
803,"https://www.reddit.com/r/antiwork/comments/orbrq8/the_companys_toilet_is_for_peeing_only_other/%27,",7
804,"https://www.reddit.com/r/antiwork/comments/qvw50x/the_next_week_hasnt_started_and_i_already_hate_it/%27,",4
805,"https://www.reddit.com/r/antiwork/comments/pjan7l/is_becoming_a_writer_a_great_antiwork_option/%27,",3
806,"https://www.reddit.com/r/antiwork/comments/l7tlpg/fuck_wallstreet/%27,",12
807,"https://www.reddit.com/r/antiwork/comments/mf0nua/self_check_lanes_are_an_easy_way_to_start/%27,",11
808,"https://www.reddit.com/r/antiwork/comments/oy6ygl/how_dare_you_get_a_shred_of_enjoyment_in_the/%27,",12
809,"https://www.reddit.com/r/antiwork/comments/pbgdzu/my_dream_is_to_retire_and_shitpost_all_day_on_my/%27,",9
810,"https://www.reddit.com/r/antiwork/comments/j1k969/is_there_any_software_to_automatically_enter_key/%27,",1
811,"https://www.reddit.com/r/antiwork/comments/mzyazn/tired_of_the_anxiety_and_just_not_knowing/%27,",9
812,"https://www.reddit.com/r/antiwork/comments/q15vvl/shoutout_to_a_previous_boss/%27,",9
813,"https://www.reddit.com/r/antiwork/comments/o9xzep/my_new_coworker/%27,",7
814,"https://www.reddit.com/r/antiwork/comments/otv2mc/ryan_seacrest/%27,",12
815,"https://www.reddit.com/r/antiwork/comments/sad2j3/i_quit_my_toxic_side_job_today_after_3_months/%27,",9
816,"https://www.reddit.com/r/antiwork/comments/qf599o/antiwork_educate_yourself_on_modern_slavery/%27,",11
817,"https://www.reddit.com/r/antiwork/comments/s7377p/wouldnt_it_be_nice_if_prospective_employers_gave/%27,",9
818,"https://www.reddit.com/r/antiwork/comments/qusa58/inform_yourself_knowing_is_half_the_battle/%27,",1
819,"https://www.reddit.com/r/antiwork/comments/qsnv4e/sneaky_things_you_did_at_work_to_kill_boredom/%27,",3
820,"https://www.reddit.com/r/antiwork/comments/qz858z/covid_reveals_cracks_in_australias_labour_model/%27,",1
821,"https://www.reddit.com/r/antiwork/comments/r68b7s/what_should_i_do_about_my_old_supervisor/%27,",9
822,"https://www.reddit.com/r/antiwork/comments/r59e6p/five_references_for_a_temporary_position/%27,",9
823,"https://www.reddit.com/r/antiwork/comments/r6slx1/to_be_fired_or_quit/%27,",9
824,"https://www.reddit.com/r/antiwork/comments/rgnvhp/is_a_no_call_no_show_appropriate_if_youre_not/%27,",9
825,"https://www.reddit.com/r/antiwork/comments/rhb1b9/in_case_anyone_needed_to_hear_this_today/%27,",12
826,"https://www.reddit.com/r/antiwork/comments/rzh1rx/friend_is_isolating_as_her_housemate_tested/%27,",9
827,"https://www.reddit.com/r/antiwork/comments/qfvy1q/how_do_you_interpret_this_comment_the_video_is/%27,",3
828,"https://www.reddit.com/r/antiwork/comments/qjx9wi/sign_at_my_local_burger_joint/%27,",7
829,"https://www.reddit.com/r/antiwork/comments/qwdli8/feeling_like_i_cant_quit/%27,",9
830,"https://www.reddit.com/r/antiwork/comments/sawcgz/cant_even_get_an_unpaid_day_off/%27,",9
831,"https://www.reddit.com/r/antiwork/comments/cryuqd/remembering_that_all_the_abuse_stress_and/%27,",12
832,"https://www.reddit.com/r/antiwork/comments/cvyqxx/without_a_monetary_motivation_why_would_anyone/%27,",13
833,"https://www.reddit.com/r/antiwork/comments/dq3m3z/asda_workers_are_terrified_for_their_jobs/%27,",1
834,"https://www.reddit.com/r/antiwork/comments/q3td7x/it_looks_like_theres_a_systemic_pressure_to_keep/%27,",7
835,"https://www.reddit.com/r/antiwork/comments/lhcg73/richard_corey_went_home_last_night/%27,",5
836,"https://www.reddit.com/r/antiwork/comments/mj5juu/thats_where_we_at/',",4
837,"https://www.reddit.com/r/antiwork/comments/pcd3bm/know_your_worth/%27,",12
838,"https://www.reddit.com/r/antiwork/comments/r2fzzq/what_is_the_most_honest_youve_ever_been_with_a/%27,",9
839,"https://www.reddit.com/r/antiwork/comments/r6bvpx/is_this_illegal/%27,",9
840,"https://www.reddit.com/r/antiwork/comments/dqi832/this_is_how_much_your_boss_cares/%27,",12
841,"https://www.reddit.com/r/antiwork/comments/s1ckts/wow_very_cool_corporate/%27,",4
842,"https://www.reddit.com/r/antiwork/comments/sdd97l/unpopular_opinion_the_fox_news_interview_was_ok/%27,",11
843,"https://www.reddit.com/r/antiwork/comments/sc46yc/idiot_supervisor_wouldnt_accept_my_resignation/%27,",9
844,"https://www.reddit.com/r/antiwork/comments/qv6g60/understanding_interview_questions/%27,",9
845,"https://www.reddit.com/r/antiwork/comments/r13nxi/is_it_actually_against_the_law_to_not_discuss_pay/%27,",3
846,"https://www.reddit.com/r/antiwork/comments/pyicfh/what_will_you_choose/%27,",3
847,"https://www.reddit.com/r/antiwork/comments/q5074h/bad_management_and_hr_this_long_rant_is_due/%27,",9
848,"https://www.reddit.com/r/antiwork/comments/q5nlnp/my_jobs_appreciation_bag_to_us/%27,",7
849,"https://www.reddit.com/r/antiwork/comments/qd1ojc/change_is_in_the_air/%27,",7
850,"https://www.reddit.com/r/antiwork/comments/qjrklx/employee_owned_companies/%27,",1
851,"https://www.reddit.com/r/antiwork/comments/ql089l/finally_got_my_shot_at_production_manager/%27,",9
852,"https://www.reddit.com/r/antiwork/comments/r1eqkl/didnt_expect_any_results_tbh/%27,",7
853,"https://www.reddit.com/r/antiwork/comments/r1iee5/the_neighbors_i_love_get_the_privileges_i_reap/%27,",7
854,"https://www.reddit.com/r/antiwork/comments/r1j2ka/i_feel_like_this_says_something_about_modern_work/%27,",7
855,"https://www.reddit.com/r/antiwork/comments/rc9wed/boss_thought_everyone_should_have_a_do_over_for/%27,",9
856,"https://www.reddit.com/r/antiwork/comments/rmch33/a_local_business_posting_a_job_for_13hr_in_one_of/%27,",7
857,"https://www.reddit.com/r/antiwork/comments/s68v5d/spam_emails_from_previous_employer/%27,",9
858,"https://www.reddit.com/r/antiwork/comments/s63y3f/the_uss_oncegolden_free_market_is_failing_to/%27,",11
859,"https://www.reddit.com/r/antiwork/comments/s0p011/may_1st_2022_soare_we_doing_this/%27,",14
860,"https://www.reddit.com/r/antiwork/comments/s4k7zf/seems_legit_and_not_at_all_a_poor_attempt_at/%27,",7
861,"https://www.reddit.com/r/antiwork/comments/sbyrle/stolen_from_uobviousplant/%27,",7
862,"https://www.reddit.com/r/antiwork/comments/sd3ugv/wonder_why/%27,",13
863,"https://www.reddit.com/r/antiwork/comments/sddd38/the_mods_have_failed_us/%27,",10
864,"https://www.reddit.com/r/antiwork/comments/seh761/im_glad_i_saved_it_before_it_got_deleted_xd/%27,",7
865,"https://www.reddit.com/r/antiwork/comments/shfodc/recruiter_responds_to_backlash/%27,",16
866,"https://www.reddit.com/r/antiwork/comments/f41j1v/awful_day_today/%27,",9
867,"https://www.reddit.com/r/antiwork/comments/muc2bv/this_is_just_bad_all_round/%27,",7
868,"https://www.reddit.com/r/antiwork/comments/psb8t0/to_those_upvoting_posts_making_fun_of_free_food/%27,",11
869,"https://www.reddit.com/r/antiwork/comments/q9qlr3/this_sub_might_like_my_own_take_on_how_work_is/%27,",9
870,"https://www.reddit.com/r/antiwork/comments/qn0r79/just_quit_or_demand_more_money/%27,",11
871,"https://www.reddit.com/r/antiwork/comments/qqfpot/working_after_graduation/%27,",9
872,"https://www.reddit.com/r/antiwork/comments/r65mqp/is_it_legal_to_not_keep_your_tips_while_serving/%27,",9
873,"https://www.reddit.com/r/antiwork/comments/r5kypl/if_a_company_is_found_to_be_tampering_with_union/%27,",11
874,"https://www.reddit.com/r/antiwork/comments/r6npva/come_on_wendys_you_need_to_try_harder/%27,",7
875,"https://www.reddit.com/r/antiwork/comments/r7dkym/this_is_the_result_ive_been_waiting_for_lets_keep/%27,",13
876,"https://www.reddit.com/r/antiwork/comments/r7w3cj/the_recent_anti_work_movement_question/%27,",3
877,"https://www.reddit.com/r/antiwork/comments/rp1bog/morning_brew_is_talking_about_us_now/%27,",13
878,"https://www.reddit.com/r/antiwork/comments/rrw6et/do_you_want_to_defend_your_country_but_like_not/%27,",7
879,"https://www.reddit.com/r/antiwork/comments/rm7nx6/time_to_leave_the_car_industry/%27,",9
880,"https://www.reddit.com/r/antiwork/comments/rs0r3j/arent_you_excited_about_rona_quarantines_being/%27,",4
881,"https://www.reddit.com/r/antiwork/comments/s657rl/kroger_applications/%27,",14
882,"https://www.reddit.com/r/antiwork/comments/s3etak/being_chronically_ill_every_day_of_my_life_for/%27,",9
883,"https://www.reddit.com/r/antiwork/comments/s71d9d/my_job_has_been_in_limbo_for_more_than_6_months/%27,",9
884,"https://www.reddit.com/r/antiwork/comments/c4g0d8/this_is_what_we_are_all_working_for/%27,",4
885,"https://www.reddit.com/r/antiwork/comments/k42u3b/indoctrination_inc_the_current_featured_app_on/%27,",7
886,"https://www.reddit.com/r/antiwork/comments/l27ss0/double_standards_imagine_we_did_this_on_a_cover/%27,",7
887,"https://www.reddit.com/r/antiwork/comments/nw07i6/this_is_the_new_where_do_you_see_yourself_in_5/%27,",12
888,"https://www.reddit.com/r/antiwork/comments/qbpgh7/do_not_quit_make_them_fire_you/%27,",2
889,"https://www.reddit.com/r/antiwork/comments/qfpx08/boss_makes_a_dollar_i_make_a_penny/%27,",4
890,"https://www.reddit.com/r/antiwork/comments/qnv7ts/my_company_said_eat_my_balls_in_the_middle_of_a/%27,",9
891,"https://www.reddit.com/r/antiwork/comments/qnqgfv/sigh_the_accuracy/%27,",4
892,"https://www.reddit.com/r/antiwork/comments/qtzn2g/saw_this_response_on_a_twitter_thread_today_and_i/%27,",12
893,"https://www.reddit.com/r/antiwork/comments/r4dxjc/has_anyone_heard_of_sedgwick_or_third_party_sick/%27,",9
894,"https://www.reddit.com/r/antiwork/comments/rede9t/restauranthospitality_unions_in_canada/%27,",3
895,"https://www.reddit.com/r/antiwork/comments/rigko1/just_a_handy_reminder_about_inflation/%27,",2
896,"https://www.reddit.com/r/antiwork/comments/rgqcdi/the_update_thats_been_needed_since_my_last_post/%27,",9
897,"https://www.reddit.com/r/antiwork/comments/rv0xgb/my_alarm_goes_off_at_8/%27,",9
898,"https://www.reddit.com/r/antiwork/comments/s2l3f3/suspicious_people/%27,",7
899,"https://www.reddit.com/r/antiwork/comments/sf1saz/alright_alright_alright/%27,",4
900,"https://www.reddit.com/r/antiwork/comments/rbw8ne/got_this_text_from_some_company_i_never_applied/%27,",7
901,"https://www.reddit.com/r/antiwork/comments/krd8b8/the_moment_the_news_cycle_moves_its_eye_away_from/%27,",4
902,"https://www.reddit.com/r/antiwork/comments/l9jfx7/would_you_move_to_scotland_if_talks_of_a_4_day/%27,",3
903,"https://www.reddit.com/r/antiwork/comments/pmrmuh/id_rather_be_poor_song/%27,",5
904,"https://www.reddit.com/r/antiwork/comments/po4xz7/you_want_to_breathe_get_a_job/%27,",9
905,"https://www.reddit.com/r/antiwork/comments/q9gt2z/some_reading_suggestions_for_people_questioning/%27,",2
906,"https://www.reddit.com/r/antiwork/comments/qmpnb6/make_unions_strong_again/%27,",4
907,"https://www.reddit.com/r/antiwork/comments/qq4so0/hmmmmmm/%27,",7
908,"https://www.reddit.com/r/antiwork/comments/qroy5a/work_thought/%27,",11
909,https://www.reddit.com/r/antiwork/comments/qsw0ej/wondering_if_this_changes_my_life_plan/,9
910,"https://www.reddit.com/r/antiwork/comments/qzwxmy/thought_you_good_people_might_like_this_lol/%27,",2
911,"https://www.reddit.com/r/antiwork/comments/r4xhgt/got_let_go_today_because_theyre_going_in_a/%27,",9
912,"https://www.reddit.com/r/antiwork/comments/r4mjk9/my_friend_died_and_my_boss_said_i_shouldnt_go_to/%27,",9
913,"https://www.reddit.com/r/antiwork/comments/rf7wa4/they_throw_their_scraps_at_us_for_entertainment/%27,",12
914,"https://www.reddit.com/r/antiwork/comments/rmcelu/easy_work/%27,",9
915,"https://www.reddit.com/r/antiwork/comments/s330xu/this_has_to_be_a_joke_right/%27,",15
916,"https://www.reddit.com/r/antiwork/comments/saodbo/how_it_should_work/%27,",11
917,"https://www.reddit.com/r/antiwork/comments/sfabnr/current_world_rant/%27,",11
918,https://www.reddit.com/r/antiwork/comments/rdly4w/we_have_the_power/,13
919,"https://www.reddit.com/r/antiwork/comments/rgyh1t/caught_my_boss_in_a_lie/%27,",9
920,"https://www.reddit.com/r/antiwork/comments/r7iqrw/is_there_a_trend_going_around_where_companies_are/%27,",9
921,"https://www.reddit.com/r/antiwork/comments/rhft27/employers_placed_workers_in_danger_during/%27,",3
922,"https://www.reddit.com/r/antiwork/comments/reqdoe/i_make_the_same_amount_working_24_hrs_instead_of/%27,",9
923,"https://www.reddit.com/r/antiwork/comments/rlo9nb/the_real_meaning/%27,",4
924,"https://www.reddit.com/r/antiwork/comments/roz0ax/is_it_all_a_ploy_to_get_rid_of_me/%27,",9
925,"https://www.reddit.com/r/antiwork/comments/rqq28t/menards_employees_are_trying_to_organize_a_union/%27,",7
926,"https://www.reddit.com/r/antiwork/comments/rs29wd/idea_strike_of_the_1_of_the_99_for_the_01/%27,",4
927,"https://www.reddit.com/r/antiwork/comments/rs364o/crabs_are_great/%27,",7
928,"https://www.reddit.com/r/antiwork/comments/rb3h3h/insulting_job_offer/%27,",9
929,"https://www.reddit.com/r/antiwork/comments/sf318k/no_profit_sharing_ok_no_profit/%27,",9
930,https://www.reddit.com/r/antiwork/comments/rdfsn4/need_to_vent_about_my_situation_and_looking_for/%27,9
931,https://www.reddit.com/r/antiwork/comments/3cq2z7/sunemployment_as_a_psychological_illness/,1
932,https://www.reddit.com/r/antiwork/comments/3p9iay/would_you_let_your_boss_track_your_data/,1
933,"https://www.reddit.com/r/antiwork/comments/2v4fnh/the_hidden_cost_of_a_flexible_job/%27,",1
934,"https://www.reddit.com/r/antiwork/comments/32dtnl/like_a_lazy_phoenix_we_eventually_rise/%27,",1
935,"https://www.reddit.com/r/antiwork/comments/4de387/love_on_chinas_factory_floor/%27,",1
936,"https://www.reddit.com/r/antiwork/comments/4c32w5/if_work_is_automated_then_abolish_work/%27,",1
937,"https://www.reddit.com/r/antiwork/comments/6q53g3/free_time_and_the_pressures_of_employability/%27,",1
938,"https://www.reddit.com/r/antiwork/comments/6exri6/the_meaning_of_life_in_a_world_without_work_the/%27,",1
939,"https://www.reddit.com/r/antiwork/comments/7ozd27/the_whole_bid_for_submission_by_current/%27,",11
940,"https://www.reddit.com/r/antiwork/comments/7sjfn4/how_to_stay_motivated_even_during_unemployment/%27,",1
941,"https://www.reddit.com/r/antiwork/comments/98hmce/welcome_new_subscribers/%27,",2
942,"https://www.reddit.com/r/antiwork/comments/9pgvui/genuinely_interested_about_whats_the_philosophy/%27,",3
943,"https://www.reddit.com/r/antiwork/comments/ny5u3x/its_not_normal/%27,",12
944,"https://www.reddit.com/r/antiwork/comments/o9yaft/based_bob/%27,",7
945,"https://www.reddit.com/r/antiwork/comments/23mxql/thunderclap_mayday_we_need_basic_income/%27,",1
946,"https://www.reddit.com/r/antiwork/comments/22cwpv/xpost_we_should_do_away_with_the_absolutely/%27,",2
947,"https://www.reddit.com/r/antiwork/comments/26kz2y/new_technology_at_work_who_wins_who_loses/%27,",1
948,"https://www.reddit.com/r/antiwork/comments/26kz9g/hummus_maker_warned_of_extreme_safety_risk_before/%27,",1
949,"https://www.reddit.com/r/antiwork/comments/2e3goi/how_your_boss_will_run_your_life_in_a_few_years/%27,",1
950,"https://www.reddit.com/r/antiwork/comments/2oz1v3/fully_automated_luxury_communism_an_alternative/%27,",6
951,"https://www.reddit.com/r/antiwork/comments/2m3bcy/against_productivity/%27,",1
952,"https://www.reddit.com/r/antiwork/comments/2k79yp/bad_bosses_literally_can_make_you_sick_research/%27,",1
953,"https://www.reddit.com/r/antiwork/comments/1ww0fh/why_we_should_be_working_less/%27,",1
954,"https://www.reddit.com/r/antiwork/comments/385evs/the_quantified_self_movement_is_coming_for_your/%27,",1
955,"https://www.reddit.com/r/antiwork/comments/3ylvex/the_unseen_toll_of_workplace_disease_in_americaan/%27,",1
956,"https://www.reddit.com/r/antiwork/comments/3rwyh6/to_make_up_the_difference_a_thousand_clowns_movie/%27,",1
957,"https://www.reddit.com/r/antiwork/comments/2wwp3m/employee_wishes_he_had_enough_job_security_to/%27,",0
958,"https://www.reddit.com/r/antiwork/comments/2rim1l/how_nonemployed_americans_spend_their_weekdays/%27,",1
959,"https://www.reddit.com/r/antiwork/comments/4qy8uw/osaka_cops_korean_beat_boss_to_death_with_hammer/%27,",1
960,"https://www.reddit.com/r/antiwork/comments/4lwjeo/report_employees_most_innovative_when/%27,",0
961,"https://www.reddit.com/r/antiwork/comments/44b1e0/patreon_update_for_2116/%27,",1
962,"https://www.reddit.com/r/antiwork/comments/41hrjc/srsly_wrong_interviews_nick_ford_thats_me_of/%27,",1
963,"https://www.reddit.com/r/antiwork/comments/5mn1pm/peter_gray_and_the_case_of_the_sympathetic_appeal/%27,",1
964,"https://www.reddit.com/r/antiwork/comments/5ygd31/work_is_bollocks/%27,",1
965,"https://www.reddit.com/r/antiwork/comments/6kjq14/rigged_forced_into_debt_worked_past_exhaustion/%27,",1
966,"https://www.reddit.com/r/antiwork/comments/bxu08n/sad_facts/%27,",7
967,"https://www.reddit.com/r/antiwork/comments/hf8v5k/employee_leaves_performance_review_with_clear/%27,",0
968,"https://www.reddit.com/r/antiwork/comments/hjxdp6/how_does_one_live_not_working/%27,",9
969,"https://www.reddit.com/r/antiwork/comments/ni8jv5/anyone_else_in_their_late_20s_early_30s_feel_like/%27,",9
970,"https://www.reddit.com/r/antiwork/comments/qg3lg8/115hr_to_care_for_four_children_full_time_with_a/%27,",12
971,"https://www.reddit.com/r/antiwork/comments/4vr3kl/your_job_is_pointless_vice_united_states/%27,",1
972,"https://www.reddit.com/r/antiwork/comments/4myu9e/a_longterm_reasonably_secure_decently_paying_job/%27,",1
973,"https://www.reddit.com/r/antiwork/comments/5el44w/14_naughty_things_every_retail_worker_does_but/%27,",1
974,"https://www.reddit.com/r/antiwork/comments/56mkyg/what_are_some_of_the_key_concepts_of_antiwork/%27,",3
975,"https://www.reddit.com/r/antiwork/comments/6s02p1/why_dont_we_care_about_care_work/%27,",1
976,"https://www.reddit.com/r/antiwork/comments/72b6ci/go_to_bed/%27,",1
977,"https://www.reddit.com/r/antiwork/comments/81q23y/do_you_have_nightmares_about_work_workers_dream/%27,",1
978,"https://www.reddit.com/r/antiwork/comments/a5xnuv/every_day_i_go_to_work_and_pray_im_safe_hotel/%27,",1
979,"https://www.reddit.com/r/antiwork/comments/a5fi0r/there_a_bunch_of_french_who_are_fed_up_with/%27,",1
980,"https://www.reddit.com/r/antiwork/comments/cpy20l/when_do_we_tell_kids_the_truth/%27,",3
981,"https://www.reddit.com/r/antiwork/comments/eo67ty/always_on_hitech_work_culture_is_hitting_family/%27,",1
982,"https://www.reddit.com/r/antiwork/comments/ik2gjx/the_true_hell_of_capitalism/%27,",12
983,"https://www.reddit.com/r/antiwork/comments/q731cp/whats_the_best_i_quit_moment_you_either_heard_or/%27,",3
984,"https://www.reddit.com/r/antiwork/comments/6v25kn/should_the_left_value_work/%27,",1
985,"https://www.reddit.com/r/antiwork/comments/7q9voz/this_person_gets_it/%27,",7
986,"https://www.reddit.com/r/antiwork/comments/7xrla4/i_literally_never_clean_but_its_fine_because_im_a/%27,",1
987,"https://www.reddit.com/r/antiwork/comments/8f4qko/icg_on_the_praise_of_work/%27,",1
988,"https://www.reddit.com/r/antiwork/comments/a9x5ua/suicide_attempts_by_disability_benefit_claimants/%27,",1
989,"https://www.reddit.com/r/antiwork/comments/d2zb81/im_already_done/%27,",9
990,"https://www.reddit.com/r/antiwork/comments/h90mfa/do_unions_actually_make_a_difference_if_so_how/%27,",3
991,"https://www.reddit.com/r/antiwork/comments/jgbf2u/what_would_you_pursue_as_your_passion_if_money/%27,",3
992,"https://www.reddit.com/r/antiwork/comments/nkfni3/back_to_work_after_more_than_year/%27,",9
993,"https://www.reddit.com/r/antiwork/comments/pcq13h/entitled_manager_fired_employee_for_not_being/%27,",13
994,"https://www.reddit.com/r/antiwork/comments/pmhzki/true/%27,",12
995,"https://www.reddit.com/r/antiwork/comments/r4xhgt/got_let_go_today_because_theyre_going_in_a/%27,",9
996,"https://www.reddit.com/r/antiwork/comments/3u8c8t/the_cias_wwii_guide_to_creating_organizational/%27,",1
997,"https://www.reddit.com/r/antiwork/comments/362bwu/the_worlds_angriest_ai_machine_works_the_phones/%27,",1
998,"https://www.reddit.com/r/antiwork/comments/3481ro/manual_labor_vs_retail_labor/%27,",1
999,"https://www.reddit.com/r/antiwork/comments/4ua02o/6_behaviors_that_are_making_men_unemployable/%27,",1
1000,"https://www.reddit.com/r/antiwork/comments/6madbu/by_ae_housman/%27,",7
1001,"https://www.reddit.com/r/antiwork/comments/6q53g3/free_time_and_the_pressures_of_employability/%27,",1
1002,"https://www.reddit.com/r/antiwork/comments/5s3ecr/preoccupation_woccupation_webcomic/%27,",4
1003,"https://www.reddit.com/r/antiwork/comments/6ch11e/many_of_the_evils_of_presentday_capitalist_and/%27,",11
1004,"https://www.reddit.com/r/antiwork/comments/7kwmkx/work_as_a_death_by_a_thousand_cuts/%27,",1
1005,"https://www.reddit.com/r/antiwork/comments/7vnqd3/my_top_ten_dream_jobs/%27,",1
1006,"https://www.reddit.com/r/antiwork/comments/oh42b3/i_cannot_take_this_seriously_with_that_acronym/%27,",7
